threshold,model,n_predictions,positive_count,negative_count,accuracy,balanced_accuracy,log_loss,brier_score,roc_auc
0.02,B0,53,30,23,0.5660377358490566,0.5,0.7092418310111446,0.2566505001011668,0.4818840579710145
0.02,B1,53,30,23,0.6226415094339622,0.6108695652173912,0.685371969903506,0.24665942180447417,0.572463768115942
0.02,B2a,53,30,23,0.5849056603773585,0.567391304347826,0.6823205639241109,0.24388884962899074,0.6043478260869566
0.02,B2b,53,30,23,0.6037735849056604,0.5840579710144927,0.6795214025079082,0.24207038715490387,0.6101449275362318
0.02,B2,53,30,23,0.5849056603773585,0.5572463768115943,0.7027236956854394,0.25165756961002844,0.5811594202898551
0.03,B0,53,15,38,0.6415094339622641,0.4675438596491228,0.6513609852119429,0.2293936921189627,0.4140350877192982
0.03,B1,53,15,38,0.7735849056603774,0.6807017543859649,0.5417707582933126,0.17949665867227238,0.6964912280701755
0.03,B2a,53,15,38,0.7547169811320755,0.6675438596491228,0.5502321581746289,0.18253035832257566,0.6859649122807018
0.03,B2b,53,15,38,0.7735849056603774,0.6605263157894736,0.5241314545514623,0.17465962550238942,0.724561403508772
0.03,B2,53,15,38,0.7547169811320755,0.6675438596491228,0.5420723787504386,0.179776528115785,0.7105263157894737
0.04,B0,53,10,43,0.8113207547169812,0.5,0.5072805713557265,0.16148621724650708,0.32325581395348835
0.04,B1,53,10,43,0.8490566037735849,0.6767441860465117,0.4630014233545099,0.14095790247783127,0.7558139534883721
0.04,B2a,53,10,43,0.8113207547169812,0.6151162790697674,0.4743265552253597,0.14433209961255866,0.7488372093023256
0.04,B2b,53,10,43,0.7924528301886793,0.5651162790697675,0.4734643201917883,0.14648020677563295,0.7441860465116279
0.04,B2,53,10,43,0.7924528301886793,0.6034883720930232,0.4872599514271516,0.1508958758902927,0.7186046511627907
