scenario,hypothetical_only,base_score,coverage_pct,status,sensitivity_min,sensitivity_max,sensitivity_span,V1_55_25_20,purity_minus10_organic_plus10,purity_plus10_organic_minus10,recognition_plus10_purity_minus10,recognition_plus25_purity_minus25
all_dimensions_strong,True,98.4,100.0,EXPERIMENTAL_COMPLETE,96.4,98.4,2.0,98.4,98.4,98.4,97.6,96.4
moderate_acquisition_contribution,True,85.92,100.0,EXPERIMENTAL_COMPLETE,83.08,88.75,5.67,85.92,83.08,88.75,84.92,83.42
acquisition_led_growth,True,69.58,100.0,EXPERIMENTAL_COMPLETE,61.42,77.75,16.33,69.58,61.42,77.75,67.08,63.33
recognition_zero_but_other_dimensions_max,True,80.0,100.0,EXPERIMENTAL_COMPLETE,55.0,80.0,25.0,80.0,80.0,80.0,70.0,55.0
unreviewed_recognition_no_flag,True,98.62,80.0,EXPERIMENTAL_PROVISIONAL,98.38,98.87,0.49,98.62,98.87,98.38,98.71,
unreviewed_recognition_AR_flag,True,,80.0,NOT_SCORED,,,,,,,,
no_positive_growth_organic_unknown,True,90.27,75.0,EXPERIMENTAL_PROVISIONAL,85.6,90.71,5.11,90.27,,90.71,88.4,85.6
purity_not_verified,True,,45.0,NOT_SCORED,,,,,,,,
confirmed_material_recognition_issue,True,,100.0,NOT_SCORED,,,,,,,,
