case_id,ticker,effective_event_date,event_type,event_subtype,relationship_type,target,p_b1,p_b2b,b1_pred,b2b_pred,b1_log_loss,b2b_log_loss,delta_log_loss_b2b_minus_b1,b1_brier,b2b_brier,delta_brier_b2b_minus_b1,b1_abs_probability_error,b2b_abs_probability_error,b2b_vs_b1,fold,n_train
H85,NVDA,2024-12-30,corporate_transaction,acquisition,direct_mention,1,0.2500548617097564,0.1067414765386125,0,0,1.3860749383558006,2.237345475132736,0.8512705367769355,0.5624177104451725,0.797910789736418,0.23549307929124552,0.7499451382902436,0.8932585234613875,B2b worse,45,61
H58,NVDA,2025-04-15,trade_export_control,export_controls,direct_mention,1,0.7681082501278197,0.4580106862016447,1,0,0.2638246050798145,0.7808627628221448,0.5170381577423304,0.05377378365878183,0.2937524162716121,0.23997863261283026,0.2318917498721803,0.5419893137983554,B2b worse,48,64
H97,MSFT,2025-05-13,corporate_action,workforce_reduction,direct_mention,0,0.3052998610471377,0.569268946050335,0,1,0.3642749812648069,0.8422713884075455,0.47799640714273856,0.09320800515540158,0.3240671329372592,0.23085912778185763,0.3052998610471377,0.569268946050335,B2b worse,51,67
H57,NVDA,2024-10-23,supply_chain,production_constraint,direct_mention,0,0.2523065937072016,0.4547075234519266,0,0,0.29076226966862445,0.6064329740496212,0.3156707043809967,0.0636586172281309,0.20675893188378439,0.14310031465565348,0.2523065937072016,0.4547075234519266,B2b worse,41,57
H18,GOOGL,2024-08-06,legal_antitrust,ruling,direct_mention,0,0.3408584350778844,0.4644794926526486,0,0,0.4168169497619346,0.6245160941275925,0.20769914436565784,0.11618447276374431,0.21574119909486184,0.09955672633111752,0.3408584350778844,0.4644794926526486,B2b worse,39,55
H24,META,2024-11-14,legal_antitrust,fine,direct_mention,0,0.1805190297480521,0.2718482115464662,0,0,0.1990841022369373,0.31724575189569915,0.11816164965876186,0.03258712010117812,0.07390145012101225,0.04131433001983413,0.1805190297480521,0.2718482115464662,B2b worse,42,58
H17,MSFT,2024-07-19,infrastructure_outage,outage,direct_mention,0,0.1332999580772888,0.1100830638633545,0,0,0.14306233447134029,0.11662715079502854,-0.026435183676311744,0.017768878823406956,0.012118280949543384,-0.005650597873863572,0.1332999580772888,0.1100830638633545,B2b better,37,52
H115,TSLA,2024-07-30,corporate_action,recall,direct_mention,1,0.3142477403983442,0.3299127945335108,0,0,1.1575736219963615,1.1089269184335315,-0.04864670356282996,0.4702561615487768,0.44901686292988896,-0.021239298618887847,0.6857522596016559,0.6700872054664893,B2b better,38,53
H61,AAPL,2025-04-23,legal_antitrust,fine,direct_mention,0,0.6863269017303183,0.6656628343396765,1,1,1.159403923695864,1.0956053171608156,-0.06379860653504843,0.471044616038738,0.44310700902113165,-0.027937607017606336,0.6863269017303183,0.6656628343396765,B2b better,50,66
H09,GOOGL,2025-06-12,infrastructure_outage,outage,direct_mention,0,0.196463888493641,0.1120998056207574,0,0,0.21873315205608437,0.11889593602368324,-0.09983721603240113,0.0385980594820418,0.012566366420211592,-0.02603169306183021,0.196463888493641,0.1120998056207574,B2b better,52,68
H55,META,2024-09-27,legal_antitrust,fine,direct_mention,1,0.1615506333211017,0.1812067814303628,0,0,1.822936666440133,1.7081164609611825,-0.11482020547895044,0.7029973404842458,0.6704223347756256,-0.03257500570862015,0.8384493666788984,0.8187932185696372,B2b better,40,56
H03,AMZN,2025-10-20,infrastructure_outage,outage,direct_exposure_match,0,0.4537141948112533,0.3449385674912431,0,0,0.6046129874641778,0.42302625765519536,-0.18158672980898244,0.2058565705732239,0.11898261534291085,-0.08687395523031305,0.4537141948112533,0.3449385674912431,B2b better,53,69
H44,GOOGL,2025-04-17,legal_antitrust,ruling,direct_mention,0,0.5125112006155724,0.4095024830706437,1,0,0.7184879644298658,0.5267898483842873,-0.19169811604557851,0.26266773075641553,0.16769228364102282,-0.09497544711539271,0.5125112006155724,0.4095024830706437,B2b better,49,64
H54,META,2024-07-30,legal_antitrust,settlement,direct_mention,1,0.3221019885047598,0.4020655196747537,0,0,1.1328870491006755,0.911140219378052,-0.2217468297226235,0.4595457139892008,0.35752564276182236,-0.10202007122737844,0.6778980114952402,0.5979344803252463,B2b better,38,53
H72,GOOGL,2025-03-19,legal_antitrust,charge,direct_mention,0,0.436540343128724,0.2730195728639817,0,0,0.5736595419050615,0.3188557245950612,-0.25480381731000035,0.19056747117894407,0.07453968716683101,-0.11602778401211306,0.436540343128724,0.2730195728639817,B2b better,47,63
H84,NVDA,2024-12-09,legal_antitrust,investigation,direct_mention,0,0.4210154546708564,0.2285220241607524,0,0,0.5464794937703131,0.25944715478115404,-0.2870323389891591,0.17725401307170793,0.05222231552652751,-0.12503169754518043,0.4210154546708564,0.2285220241607524,B2b better,44,60
H19,GOOGL,2024-11-20,legal_antitrust,remedy_proposal,direct_mention,1,0.1149098457889044,0.1820336079875523,0,0,2.1636074077298177,1.703563949680501,-0.4600434580493167,0.783384581081421,0.6690690184618613,-0.11431556261955966,0.8850901542110956,0.8179663920124477,B2b better,43,59
H91,AAPL,2025-01-02,legal_antitrust,settlement,direct_mention,1,0.0992675452922758,0.1895405880128991,0,0,2.3099365962748775,1.6631520926292989,-0.6467845036455786,0.8113189549638025,0.6568444584784774,-0.15447449648532507,0.9007324547077242,0.8104594119871009,B2b better,46,61
