ticker,segment,observations,expected_years,presence_score,share_stability_score,growth_consistency_score,persistence_score,avg_share_pct,latest_share_pct,growth_volatility_pct,share_cv,context_flag
AAPL,Mac,3,3,100.0,94.86953386015082,93.77460257599729,95.51240113866692,7.808973080194039,8.099749856425758,5.142090247066722,0.026333783027156034,
AAPL,Services,3,3,100.0,87.38114891823791,99.60576774324691,94.18353572334348,24.35069762375037,26.22975242754607,0.31600912043679985,0.06744530701241519,
AAPL,"Wearables, Home and Accessories",3,3,100.0,85.4828565279449,97.79759237540306,92.69644276896628,9.478017510130059,8.575046676646778,1.7816181671006626,0.07842716929748572,
AAPL,iPad,3,3,100.0,92.10747119810996,93.55836302764145,94.193789098824,6.981243526355289,6.733692008621663,5.326779273859139,0.041107062758134534,
AAPL,iPhone,3,3,100.0,96.91129371947878,97.60559056053599,97.77203886995304,51.38106825957024,50.361759030759735,1.938833110091176,0.01568706181510244,
MSFT,Intelligent Cloud,2,2,100.0,90.84583995464004,,93.66250458398157,39.621495367912914,41.523449624667386,,0.048003091228473745,
MSFT,More Personal Computing,2,2,100.0,84.00755969291944,,88.92831055663655,17.843342622363284,16.288621891941574,,0.08713169742496338,
MSFT,Productivity and Business Processes,2,2,100.0,98.38056679798981,,98.87885393706986,42.535162009723805,42.18792848339104,,0.008163446662161138,
GOOGL,Google Cloud,2,2,100.0,84.85893677524483,,89.51772545978487,13.463146222994249,14.56833505805744,,0.08208993772760137,
GOOGL,Google Network,2,2,100.0,85.21661120653972,,89.76534621991212,8.036010172504733,7.393234614592408,,0.07998690197177535,
GOOGL,Google Search & other,2,2,100.0,98.39937146106445,,98.89187254996772,56.17345317900637,55.72025223159447,,0.008067884770546423,
GOOGL,"Google subscriptions, platforms, and devices",2,2,100.0,96.75229716778087,,97.75159034692521,11.725640931891581,11.919208463308046,,0.016508055511916194,
GOOGL,Other Bets,2,2,100.0,81.02506411491255,,86.8635059257087,0.4262707637442341,0.38142459729553335,,0.10520582283144542,
GOOGL,YouTube ads,2,2,100.0,96.94348389337699,,97.88395038772254,10.175478729858828,10.01754503515211,,0.015521008779987825,
NVDA,Compute & Networking,2,2,100.0,99.37443825942655,,99.56691879498761,89.31907895798443,89.59932943715326,,0.003137632882451182,
NVDA,Graphics,2,2,100.0,94.8876299107194,,96.46066686126727,10.68092104201557,10.400670562846743,,0.026238418771789746,
AMZN,AWS,2,2,100.0,93.89903433210107,,95.77625453760842,17.40728569744941,17.955180744402472,,0.03147504191496916,
AMZN,Advertising services,2,2,100.0,92.04492268276813,,94.49263878037793,9.192538610624506,9.573539175700633,,0.04144671904187322,
AMZN,Online stores,2,2,100.0,97.00365899415765,,97.92561007287837,38.14160522012069,37.56144305393598,,0.015210743303447863,
AMZN,Other,2,2,100.0,97.35120474705751,,98.16621867103981,0.8391052044267409,0.827842281748135,,0.013422539413637052,
AMZN,Physical stores,2,2,100.0,94.63265790611496,,96.2841477811565,3.236182681571615,3.1469165490344864,,0.027583774255221516,
AMZN,Subscription services,2,2,100.0,99.50366612924225,,99.65638424332155,6.938357821970334,6.921096238931882,,0.0024878484911506067,
AMZN,Third-party seller services,2,2,100.0,98.11295033094991,,98.69358099834993,24.244924763836707,24.013981956246408,,0.00952540830049381,
META,Family of Apps,3,3,100.0,99.74128622422295,99.7774059574357,99.80567088600282,98.73059607915827,98.90180428530199,0.1782737210841545,0.0012952450910149861,
META,Reality Labs,3,3,100.0,81.75191950065745,93.74004371836013,89.5973790767219,1.26940392084173,1.0981957146980086,5.1715781691774705,0.10074044817800812,
TSLA,Automotive leasing,2,2,100.0,96.5350217601985,,97.60116891090667,1.8377973185499243,1.8053929787929597,,0.017632161843903798,
TSLA,Automotive regulatory credits,2,2,100.0,74.47040425661841,,82.3256644853512,2.4650283054800726,2.101722083372879,,0.1473841989154921,POLICY_SENSITIVE_REVENUE
TSLA,Automotive sales,2,2,100.0,93.55674190100078,,95.539282854539,71.80277202474463,69.41166545393189,,0.033301034255177754,
TSLA,Energy generation and storage,2,2,100.0,76.78044350602607,,83.92492242724882,11.896089554500994,13.467683254769211,,0.1321101100549121,
TSLA,Services and other,2,2,100.0,81.663281210974,,87.30534853067431,11.998312796724372,13.213536229133052,,0.10128285976512003,
