ticker,fiscal_year,period_end,segment,revenue_usd,source_type,source_url,source_locator,confidence
AAPL,2020,,Mac,28622000000.0,SEC_FINANCIAL_REPORT_XLSX,https://www.sec.gov/Archives/edgar/data/320193/000032019322000108/Financial_Report.xlsx,FINANCIAL_REPORT_XLSX; sheet Revenue - Net Sales Disaggregat,HIGH
AAPL,2020,,Services,53768000000.0,SEC_FINANCIAL_REPORT_XLSX,https://www.sec.gov/Archives/edgar/data/320193/000032019322000108/Financial_Report.xlsx,FINANCIAL_REPORT_XLSX; sheet Revenue - Net Sales Disaggregat,HIGH
AAPL,2020,,"Wearables, Home and Accessories",30620000000.0,SEC_FINANCIAL_REPORT_XLSX,https://www.sec.gov/Archives/edgar/data/320193/000032019322000108/Financial_Report.xlsx,FINANCIAL_REPORT_XLSX; sheet Revenue - Net Sales Disaggregat,HIGH
AAPL,2020,,iPad,23724000000.0,SEC_FINANCIAL_REPORT_XLSX,https://www.sec.gov/Archives/edgar/data/320193/000032019322000108/Financial_Report.xlsx,FINANCIAL_REPORT_XLSX; sheet Revenue - Net Sales Disaggregat,HIGH
AAPL,2020,,iPhone,137781000000.0,SEC_FINANCIAL_REPORT_XLSX,https://www.sec.gov/Archives/edgar/data/320193/000032019322000108/Financial_Report.xlsx,FINANCIAL_REPORT_XLSX; sheet Revenue - Net Sales Disaggregat,HIGH
AAPL,2023,,Mac,29357000000.0,SEC_FINANCIAL_REPORT_XLSX,https://www.sec.gov/Archives/edgar/data/320193/000032019324000123/Financial_Report.xlsx,FINANCIAL_REPORT_XLSX; sheet Revenue - Net Sales Disaggregat,HIGH
AAPL,2023,,Services,85200000000.0,SEC_FINANCIAL_REPORT_XLSX,https://www.sec.gov/Archives/edgar/data/320193/000032019324000123/Financial_Report.xlsx,FINANCIAL_REPORT_XLSX; sheet Revenue - Net Sales Disaggregat,HIGH
AAPL,2023,,"Wearables, Home and Accessories",39845000000.0,SEC_FINANCIAL_REPORT_XLSX,https://www.sec.gov/Archives/edgar/data/320193/000032019324000123/Financial_Report.xlsx,FINANCIAL_REPORT_XLSX; sheet Revenue - Net Sales Disaggregat,HIGH
AAPL,2023,,iPad,28300000000.0,SEC_FINANCIAL_REPORT_XLSX,https://www.sec.gov/Archives/edgar/data/320193/000032019324000123/Financial_Report.xlsx,FINANCIAL_REPORT_XLSX; sheet Revenue - Net Sales Disaggregat,HIGH
AAPL,2023,,iPhone,200583000000.0,SEC_FINANCIAL_REPORT_XLSX,https://www.sec.gov/Archives/edgar/data/320193/000032019324000123/Financial_Report.xlsx,FINANCIAL_REPORT_XLSX; sheet Revenue - Net Sales Disaggregat,HIGH
AAPL,2024,,Mac,29984000000.0,MERIDIAN_SEC_RECONCILED_COMPARATIVE,https://www.sec.gov/Archives/edgar/data/320193/000032019325000079/aapl-20250927.htm,Integrated revenue mix,HIGH
AAPL,2024,,Services,96169000000.0,MERIDIAN_SEC_RECONCILED_COMPARATIVE,https://www.sec.gov/Archives/edgar/data/320193/000032019325000079/aapl-20250927.htm,Integrated revenue mix,HIGH
AAPL,2024,,"Wearables, Home and Accessories",37005000000.0,MERIDIAN_SEC_RECONCILED_COMPARATIVE,https://www.sec.gov/Archives/edgar/data/320193/000032019325000079/aapl-20250927.htm,Integrated revenue mix,HIGH
AAPL,2024,,iPad,26694000000.0,MERIDIAN_SEC_RECONCILED_COMPARATIVE,https://www.sec.gov/Archives/edgar/data/320193/000032019325000079/aapl-20250927.htm,Integrated revenue mix,HIGH
AAPL,2024,,iPhone,201183000000.0,MERIDIAN_SEC_RECONCILED_COMPARATIVE,https://www.sec.gov/Archives/edgar/data/320193/000032019325000079/aapl-20250927.htm,Integrated revenue mix,HIGH
AAPL,2025,2025-09-27,Mac,33708000000.0,MERIDIAN_SEC_RECONCILED,https://www.sec.gov/Archives/edgar/data/320193/000032019325000079/aapl-20250927.htm,Integrated revenue mix,HIGH
AAPL,2025,2025-09-27,Services,109158000000.0,MERIDIAN_SEC_RECONCILED,https://www.sec.gov/Archives/edgar/data/320193/000032019325000079/aapl-20250927.htm,Integrated revenue mix,HIGH
AAPL,2025,2025-09-27,"Wearables, Home and Accessories",35686000000.0,MERIDIAN_SEC_RECONCILED,https://www.sec.gov/Archives/edgar/data/320193/000032019325000079/aapl-20250927.htm,Integrated revenue mix,HIGH
AAPL,2025,2025-09-27,iPad,28023000000.0,MERIDIAN_SEC_RECONCILED,https://www.sec.gov/Archives/edgar/data/320193/000032019325000079/aapl-20250927.htm,Integrated revenue mix,HIGH
AAPL,2025,2025-09-27,iPhone,209586000000.0,MERIDIAN_SEC_RECONCILED,https://www.sec.gov/Archives/edgar/data/320193/000032019325000079/aapl-20250927.htm,Integrated revenue mix,HIGH
AMZN,2024,,AWS,107556000000.0,MERIDIAN_SEC_RECONCILED_COMPARATIVE,https://www.sec.gov/Archives/edgar/data/1018724/000101872426000004/amzn-20251231.htm,"FY2025 10-K, Note 10, Segment Information, product/service net-sales table, printed p.69 (PDF p.83)",HIGH
AMZN,2024,,Advertising services,56214000000.0,MERIDIAN_SEC_RECONCILED_COMPARATIVE,https://www.sec.gov/Archives/edgar/data/1018724/000101872426000004/amzn-20251231.htm,"FY2025 10-K, Note 10, Segment Information, product/service net-sales table, printed p.69 (PDF p.83)",HIGH
AMZN,2024,,Online stores,247029000000.0,MERIDIAN_SEC_RECONCILED_COMPARATIVE,https://www.sec.gov/Archives/edgar/data/1018724/000101872426000004/amzn-20251231.htm,"FY2025 10-K, Note 10, Segment Information, product/service net-sales table, printed p.69 (PDF p.83)",HIGH
AMZN,2024,,Other,5425000000.0,MERIDIAN_SEC_RECONCILED_COMPARATIVE,https://www.sec.gov/Archives/edgar/data/1018724/000101872426000004/amzn-20251231.htm,"FY2025 10-K, Note 10, Segment Information, product/service net-sales table, printed p.69 (PDF p.83)",HIGH
AMZN,2024,,Physical stores,21215000000.0,MERIDIAN_SEC_RECONCILED_COMPARATIVE,https://www.sec.gov/Archives/edgar/data/1018724/000101872426000004/amzn-20251231.htm,"FY2025 10-K, Note 10, Segment Information, product/service net-sales table, printed p.69 (PDF p.83)",HIGH
AMZN,2024,,Subscription services,44374000000.0,MERIDIAN_SEC_RECONCILED_COMPARATIVE,https://www.sec.gov/Archives/edgar/data/1018724/000101872426000004/amzn-20251231.htm,"FY2025 10-K, Note 10, Segment Information, product/service net-sales table, printed p.69 (PDF p.83)",HIGH
AMZN,2024,,Third-party seller services,156146000000.0,MERIDIAN_SEC_RECONCILED_COMPARATIVE,https://www.sec.gov/Archives/edgar/data/1018724/000101872426000004/amzn-20251231.htm,"FY2025 10-K, Note 10, Segment Information, product/service net-sales table, printed p.69 (PDF p.83)",HIGH
AMZN,2025,2025-12-31,AWS,128725000000.0,MERIDIAN_SEC_RECONCILED,https://www.sec.gov/Archives/edgar/data/1018724/000101872426000004/amzn-20251231.htm,"FY2025 10-K, Note 10, Segment Information, product/service net-sales table, printed p.69 (PDF p.83)",HIGH
AMZN,2025,2025-12-31,Advertising services,68635000000.0,MERIDIAN_SEC_RECONCILED,https://www.sec.gov/Archives/edgar/data/1018724/000101872426000004/amzn-20251231.htm,"FY2025 10-K, Note 10, Segment Information, product/service net-sales table, printed p.69 (PDF p.83)",HIGH
AMZN,2025,2025-12-31,Online stores,269287000000.0,MERIDIAN_SEC_RECONCILED,https://www.sec.gov/Archives/edgar/data/1018724/000101872426000004/amzn-20251231.htm,"FY2025 10-K, Note 10, Segment Information, product/service net-sales table, printed p.69 (PDF p.83)",HIGH
AMZN,2025,2025-12-31,Other,5935000000.0,MERIDIAN_SEC_RECONCILED,https://www.sec.gov/Archives/edgar/data/1018724/000101872426000004/amzn-20251231.htm,"FY2025 10-K, Note 10, Segment Information, product/service net-sales table, printed p.69 (PDF p.83)",HIGH
AMZN,2025,2025-12-31,Physical stores,22561000000.0,MERIDIAN_SEC_RECONCILED,https://www.sec.gov/Archives/edgar/data/1018724/000101872426000004/amzn-20251231.htm,"FY2025 10-K, Note 10, Segment Information, product/service net-sales table, printed p.69 (PDF p.83)",HIGH
AMZN,2025,2025-12-31,Subscription services,49619000000.0,MERIDIAN_SEC_RECONCILED,https://www.sec.gov/Archives/edgar/data/1018724/000101872426000004/amzn-20251231.htm,"FY2025 10-K, Note 10, Segment Information, product/service net-sales table, printed p.69 (PDF p.83)",HIGH
AMZN,2025,2025-12-31,Third-party seller services,172162000000.0,MERIDIAN_SEC_RECONCILED,https://www.sec.gov/Archives/edgar/data/1018724/000101872426000004/amzn-20251231.htm,"FY2025 10-K, Note 10, Segment Information, product/service net-sales table, printed p.69 (PDF p.83)",HIGH
GOOGL,2024,,Google Cloud,43229000000.0,MERIDIAN_SEC_RECONCILED_COMPARATIVE,https://www.sec.gov/Archives/edgar/data/1652044/000165204426000018/goog-20251231.htm,"FY2025 10-K, Note 2, Revenues, Disaggregated Revenues, printed p.60 (PDF p.87)",HIGH
GOOGL,2024,,Google Network,30359000000.0,MERIDIAN_SEC_RECONCILED_COMPARATIVE,https://www.sec.gov/Archives/edgar/data/1652044/000165204426000018/goog-20251231.htm,"FY2025 10-K, Note 2, Revenues, Disaggregated Revenues, printed p.60 (PDF p.87)",HIGH
GOOGL,2024,,Google Search & other,198084000000.0,MERIDIAN_SEC_RECONCILED_COMPARATIVE,https://www.sec.gov/Archives/edgar/data/1652044/000165204426000018/goog-20251231.htm,"FY2025 10-K, Note 2, Revenues, Disaggregated Revenues, printed p.60 (PDF p.87)",HIGH
GOOGL,2024,,"Google subscriptions, platforms, and devices",40340000000.0,MERIDIAN_SEC_RECONCILED_COMPARATIVE,https://www.sec.gov/Archives/edgar/data/1652044/000165204426000018/goog-20251231.htm,"FY2025 10-K, Note 2, Revenues, Disaggregated Revenues, printed p.60 (PDF p.87)",HIGH
GOOGL,2024,,Hedging gains (losses),211000000.0,MERIDIAN_SEC_RECONCILED_COMPARATIVE,https://www.sec.gov/Archives/edgar/data/1652044/000165204426000018/goog-20251231.htm,"FY2025 10-K, Note 2, Revenues, Disaggregated Revenues, printed p.60 (PDF p.87)",HIGH
GOOGL,2024,,Other Bets,1648000000.0,MERIDIAN_SEC_RECONCILED_COMPARATIVE,https://www.sec.gov/Archives/edgar/data/1652044/000165204426000018/goog-20251231.htm,"FY2025 10-K, Note 2, Revenues, Disaggregated Revenues, printed p.60 (PDF p.87)",HIGH
GOOGL,2024,,YouTube ads,36147000000.0,MERIDIAN_SEC_RECONCILED_COMPARATIVE,https://www.sec.gov/Archives/edgar/data/1652044/000165204426000018/goog-20251231.htm,"FY2025 10-K, Note 2, Revenues, Disaggregated Revenues, printed p.60 (PDF p.87)",HIGH
GOOGL,2025,2025-12-31,Google Cloud,58705000000.0,MERIDIAN_SEC_RECONCILED,https://www.sec.gov/Archives/edgar/data/1652044/000165204426000018/goog-20251231.htm,"FY2025 10-K, Note 2, Revenues, Disaggregated Revenues, printed p.60 (PDF p.87)",HIGH
GOOGL,2025,2025-12-31,Google Network,29792000000.0,MERIDIAN_SEC_RECONCILED,https://www.sec.gov/Archives/edgar/data/1652044/000165204426000018/goog-20251231.htm,"FY2025 10-K, Note 2, Revenues, Disaggregated Revenues, printed p.60 (PDF p.87)",HIGH
GOOGL,2025,2025-12-31,Google Search & other,224532000000.0,MERIDIAN_SEC_RECONCILED,https://www.sec.gov/Archives/edgar/data/1652044/000165204426000018/goog-20251231.htm,"FY2025 10-K, Note 2, Revenues, Disaggregated Revenues, printed p.60 (PDF p.87)",HIGH
GOOGL,2025,2025-12-31,"Google subscriptions, platforms, and devices",48030000000.0,MERIDIAN_SEC_RECONCILED,https://www.sec.gov/Archives/edgar/data/1652044/000165204426000018/goog-20251231.htm,"FY2025 10-K, Note 2, Revenues, Disaggregated Revenues, printed p.60 (PDF p.87)",HIGH
GOOGL,2025,2025-12-31,Hedging gains (losses),-127000000.0,MERIDIAN_SEC_RECONCILED,https://www.sec.gov/Archives/edgar/data/1652044/000165204426000018/goog-20251231.htm,"FY2025 10-K, Note 2, Revenues, Disaggregated Revenues, printed p.60 (PDF p.87)",HIGH
GOOGL,2025,2025-12-31,Other Bets,1537000000.0,MERIDIAN_SEC_RECONCILED,https://www.sec.gov/Archives/edgar/data/1652044/000165204426000018/goog-20251231.htm,"FY2025 10-K, Note 2, Revenues, Disaggregated Revenues, printed p.60 (PDF p.87)",HIGH
GOOGL,2025,2025-12-31,YouTube ads,40367000000.0,MERIDIAN_SEC_RECONCILED,https://www.sec.gov/Archives/edgar/data/1652044/000165204426000018/goog-20251231.htm,"FY2025 10-K, Note 2, Revenues, Disaggregated Revenues, printed p.60 (PDF p.87)",HIGH
META,2023,,Family of Apps,133006000000.0,SEC_FINANCIAL_REPORT_XLSX,https://www.sec.gov/Archives/edgar/data/1326801/000132680125000017/Financial_Report.xlsx,FINANCIAL_REPORT_XLSX; sheet Segment and Geographical Info_4,HIGH
META,2023,,Reality Labs,1896000000.0,SEC_FINANCIAL_REPORT_XLSX,https://www.sec.gov/Archives/edgar/data/1326801/000132680125000017/Financial_Report.xlsx,FINANCIAL_REPORT_XLSX; sheet Segment and Geographical Info_4,HIGH
META,2024,,Family of Apps,162355000000.0,MERIDIAN_SEC_RECONCILED_COMPARATIVE,https://www.sec.gov/Archives/edgar/data/1326801/000162828026003942/meta-20251231.htm,"FY2025 10-K, Consolidated and Segment Results, Revenue by Source/Segment",HIGH
META,2024,,Reality Labs,2146000000.0,MERIDIAN_SEC_RECONCILED_COMPARATIVE,https://www.sec.gov/Archives/edgar/data/1326801/000162828026003942/meta-20251231.htm,"FY2025 10-K, Consolidated and Segment Results, Revenue by Source/Segment",HIGH
META,2025,2025-12-31,Family of Apps,198759000000.0,MERIDIAN_SEC_RECONCILED,https://www.sec.gov/Archives/edgar/data/1326801/000162828026003942/meta-20251231.htm,"FY2025 10-K, Consolidated and Segment Results, Revenue by Source/Segment",HIGH
META,2025,2025-12-31,Reality Labs,2207000000.0,MERIDIAN_SEC_RECONCILED,https://www.sec.gov/Archives/edgar/data/1326801/000162828026003942/meta-20251231.htm,"FY2025 10-K, Consolidated and Segment Results, Revenue by Source/Segment",HIGH
MSFT,2025,,Intelligent Cloud,106265000000.0,MERIDIAN_SEC_RECONCILED_COMPARATIVE,https://www.sec.gov/Archives/edgar/data/789019/000119312526323660/msft-20260630.htm,"FY2026 10-K, Note 18, Segment Information and Geographic Data, printed p.84 (PDF p.93)",HIGH
MSFT,2025,,More Personal Computing,54649000000.0,MERIDIAN_SEC_RECONCILED_COMPARATIVE,https://www.sec.gov/Archives/edgar/data/789019/000119312526323660/msft-20260630.htm,"FY2026 10-K, Note 18, Segment Information and Geographic Data, printed p.84 (PDF p.93)",HIGH
MSFT,2025,,Productivity and Business Processes,120810000000.0,MERIDIAN_SEC_RECONCILED_COMPARATIVE,https://www.sec.gov/Archives/edgar/data/789019/000119312526323660/msft-20260630.htm,"FY2026 10-K, Note 18, Segment Information and Geographic Data, printed p.84 (PDF p.93)",HIGH
MSFT,2026,2026-06-30,Intelligent Cloud,137791000000.0,MERIDIAN_SEC_RECONCILED,https://www.sec.gov/Archives/edgar/data/789019/000119312526323660/msft-20260630.htm,"FY2026 10-K, Note 18, Segment Information and Geographic Data, printed p.84 (PDF p.93)",HIGH
MSFT,2026,2026-06-30,More Personal Computing,54052000000.0,MERIDIAN_SEC_RECONCILED,https://www.sec.gov/Archives/edgar/data/789019/000119312526323660/msft-20260630.htm,"FY2026 10-K, Note 18, Segment Information and Geographic Data, printed p.84 (PDF p.93)",HIGH
MSFT,2026,2026-06-30,Productivity and Business Processes,139996000000.0,MERIDIAN_SEC_RECONCILED,https://www.sec.gov/Archives/edgar/data/789019/000119312526323660/msft-20260630.htm,"FY2026 10-K, Note 18, Segment Information and Geographic Data, printed p.84 (PDF p.93)",HIGH
NVDA,2025,,Compute & Networking,116193000000.0,MERIDIAN_SEC_RECONCILED_COMPARATIVE,https://www.sec.gov/Archives/edgar/data/1045810/000104581026000021/nvda-20260125.htm,"FY2026 10-K, MD&A, Revenue by Reportable Segments, printed p.40 (PDF p.42)",HIGH
NVDA,2025,,Graphics,14304000000.0,MERIDIAN_SEC_RECONCILED_COMPARATIVE,https://www.sec.gov/Archives/edgar/data/1045810/000104581026000021/nvda-20260125.htm,"FY2026 10-K, MD&A, Revenue by Reportable Segments, printed p.40 (PDF p.42)",HIGH
NVDA,2026,2026-01-25,Compute & Networking,193479000000.0,MERIDIAN_SEC_RECONCILED,https://www.sec.gov/Archives/edgar/data/1045810/000104581026000021/nvda-20260125.htm,"FY2026 10-K, MD&A, Revenue by Reportable Segments, printed p.40 (PDF p.42)",HIGH
NVDA,2026,2026-01-25,Graphics,22459000000.0,MERIDIAN_SEC_RECONCILED,https://www.sec.gov/Archives/edgar/data/1045810/000104581026000021/nvda-20260125.htm,"FY2026 10-K, MD&A, Revenue by Reportable Segments, printed p.40 (PDF p.42)",HIGH
TSLA,2024,,Automotive leasing,1827000000.0,MERIDIAN_SEC_RECONCILED_COMPARATIVE,https://www.sec.gov/Archives/edgar/data/1318605/000162828026003952/tsla-20251231.htm,"FY2025 10-K, MD&A, Results of Operations, Revenues",HIGH
TSLA,2024,,Automotive regulatory credits,2763000000.0,MERIDIAN_SEC_RECONCILED_COMPARATIVE,https://www.sec.gov/Archives/edgar/data/1318605/000162828026003952/tsla-20251231.htm,"FY2025 10-K, MD&A, Results of Operations, Revenues",HIGH
TSLA,2024,,Automotive sales,72480000000.0,MERIDIAN_SEC_RECONCILED_COMPARATIVE,https://www.sec.gov/Archives/edgar/data/1318605/000162828026003952/tsla-20251231.htm,"FY2025 10-K, MD&A, Results of Operations, Revenues",HIGH
TSLA,2024,,Energy generation and storage,10086000000.0,MERIDIAN_SEC_RECONCILED_COMPARATIVE,https://www.sec.gov/Archives/edgar/data/1318605/000162828026003952/tsla-20251231.htm,"FY2025 10-K, MD&A, Results of Operations, Revenues",HIGH
TSLA,2024,,Services and other,10534000000.0,MERIDIAN_SEC_RECONCILED_COMPARATIVE,https://www.sec.gov/Archives/edgar/data/1318605/000162828026003952/tsla-20251231.htm,"FY2025 10-K, MD&A, Results of Operations, Revenues",HIGH
TSLA,2025,2025-12-31,Automotive leasing,1712000000.0,MERIDIAN_SEC_RECONCILED,https://www.sec.gov/Archives/edgar/data/1318605/000162828026003952/tsla-20251231.htm,"FY2025 10-K, MD&A, Results of Operations, Revenues",HIGH
TSLA,2025,2025-12-31,Automotive regulatory credits,1993000000.0,MERIDIAN_SEC_RECONCILED,https://www.sec.gov/Archives/edgar/data/1318605/000162828026003952/tsla-20251231.htm,"FY2025 10-K, MD&A, Results of Operations, Revenues",HIGH
TSLA,2025,2025-12-31,Automotive sales,65821000000.0,MERIDIAN_SEC_RECONCILED,https://www.sec.gov/Archives/edgar/data/1318605/000162828026003952/tsla-20251231.htm,"FY2025 10-K, MD&A, Results of Operations, Revenues",HIGH
TSLA,2025,2025-12-31,Energy generation and storage,12771000000.0,MERIDIAN_SEC_RECONCILED,https://www.sec.gov/Archives/edgar/data/1318605/000162828026003952/tsla-20251231.htm,"FY2025 10-K, MD&A, Results of Operations, Revenues",HIGH
TSLA,2025,2025-12-31,Services and other,12530000000.0,MERIDIAN_SEC_RECONCILED,https://www.sec.gov/Archives/edgar/data/1318605/000162828026003952/tsla-20251231.htm,"FY2025 10-K, MD&A, Results of Operations, Revenues",HIGH
