ticker,filing_url,report_date,status,table_index,years,reconciliation_ratio,mapped_segments,parser,page_type,sheet_name,filing_primary_url,filing_summary_status
AAPL,https://www.sec.gov/Archives/edgar/data/320193/000032019325000079/Financial_Report.xlsx,2025-09-27,EXCEL_DOWNLOAD_ERROR: HTTPError: 404 Client Error: Not Found for url: https://www.sec.gov/Archives/edgar/data/320193/000032019325000079/Financial_Report.xlsx,,,,,,FINANCIAL_REPORT_XLSX,,,
AAPL,https://www.sec.gov/Archives/edgar/data/320193/000032019325000079/aapl-20250927.htm,2025-09-27,NO_USABLE_TABLE,,,,,,PRIMARY_10K,,https://www.sec.gov/Archives/edgar/data/320193/000032019325000079/aapl-20250927.htm,OK
AAPL,https://www.sec.gov/Archives/edgar/data/320193/000032019325000079/R10.htm,2025-09-27,ACCEPTED,1,"2023,2024,2025",1.041725,"Mac | Services | Wearables, Home and Accessories | iPad | iPhone",ROW_ORIENTED,XBRL_RENDERED_REPORT,,https://www.sec.gov/Archives/edgar/data/320193/000032019325000079/aapl-20250927.htm,OK
AAPL,https://www.sec.gov/Archives/edgar/data/320193/000032019324000123/Financial_Report.xlsx,2024-09-28,ACCEPTED,Revenue - Net Sales Disaggregat,"2023,2024",1.0197,"Mac | Services | Wearables, Home and Accessories | iPad | iPhone",BLOCK_ORIENTED,FINANCIAL_REPORT_XLSX,Revenue - Net Sales Disaggregat,,
AAPL,https://www.sec.gov/Archives/edgar/data/320193/000032019323000106/Financial_Report.xlsx,2023-09-30,ACCEPTED,Revenue - Net Sales Disaggregat,2023,1.047751,"Mac | Services | Wearables, Home and Accessories | iPad | iPhone",BLOCK_ORIENTED,FINANCIAL_REPORT_XLSX,Revenue - Net Sales Disaggregat,,
AAPL,https://www.sec.gov/Archives/edgar/data/320193/000032019322000108/Financial_Report.xlsx,2022-09-24,ACCEPTED,Revenue - Net Sales Disaggregat,2020,1.033585,"Mac | Services | Wearables, Home and Accessories | iPad | iPhone",BLOCK_ORIENTED,FINANCIAL_REPORT_XLSX,Revenue - Net Sales Disaggregat,,
MSFT,https://www.sec.gov/Archives/edgar/data/789019/000119312526323660/Financial_Report.xlsx,2026-06-30,EXCEL_DOWNLOAD_ERROR: HTTPError: 404 Client Error: Not Found for url: https://www.sec.gov/Archives/edgar/data/789019/000119312526323660/Financial_Report.xlsx,,,,,,FINANCIAL_REPORT_XLSX,,,
MSFT,https://www.sec.gov/Archives/edgar/data/789019/000119312526323660/msft-20260630.htm,2026-06-30,NO_USABLE_TABLE,,,,,,PRIMARY_10K,,https://www.sec.gov/Archives/edgar/data/789019/000119312526323660/msft-20260630.htm,OK
MSFT,https://www.sec.gov/Archives/edgar/data/789019/000095017025100235/Financial_Report.xlsx,2025-06-30,EXCEL_DOWNLOAD_ERROR: HTTPError: 404 Client Error: Not Found for url: https://www.sec.gov/Archives/edgar/data/789019/000095017025100235/Financial_Report.xlsx,,,,,,FINANCIAL_REPORT_XLSX,,,
MSFT,https://www.sec.gov/Archives/edgar/data/789019/000095017025100235/msft-20250630.htm,2025-06-30,NO_USABLE_TABLE,,,,,,PRIMARY_10K,,https://www.sec.gov/Archives/edgar/data/789019/000095017025100235/msft-20250630.htm,OK
MSFT,https://www.sec.gov/Archives/edgar/data/789019/000095017024087843/Financial_Report.xlsx,2024-06-30,NO_USABLE_TABLE,,,,,,FINANCIAL_REPORT_XLSX,,,
MSFT,https://www.sec.gov/Archives/edgar/data/789019/000095017024087843/msft-20240630.htm,2024-06-30,NO_USABLE_TABLE,,,,,,PRIMARY_10K,,https://www.sec.gov/Archives/edgar/data/789019/000095017024087843/msft-20240630.htm,OK
MSFT,https://www.sec.gov/Archives/edgar/data/789019/000095017023035122/Financial_Report.xlsx,2023-06-30,NO_USABLE_TABLE,,,,,,FINANCIAL_REPORT_XLSX,,,
MSFT,https://www.sec.gov/Archives/edgar/data/789019/000095017023035122/msft-20230630.htm,2023-06-30,NO_USABLE_TABLE,,,,,,PRIMARY_10K,,https://www.sec.gov/Archives/edgar/data/789019/000095017023035122/msft-20230630.htm,OK
GOOGL,https://www.sec.gov/Archives/edgar/data/1652044/000165204426000018/Financial_Report.xlsx,2025-12-31,EXCEL_DOWNLOAD_ERROR: HTTPError: 404 Client Error: Not Found for url: https://www.sec.gov/Archives/edgar/data/1652044/000165204426000018/Financial_Report.xlsx,,,,,,FINANCIAL_REPORT_XLSX,,,
GOOGL,https://www.sec.gov/Archives/edgar/data/1652044/000165204426000018/goog-20251231.htm,2025-12-31,NO_USABLE_TABLE,,,,,,PRIMARY_10K,,https://www.sec.gov/Archives/edgar/data/1652044/000165204426000018/goog-20251231.htm,OK
GOOGL,https://www.sec.gov/Archives/edgar/data/1652044/000165204425000014/Financial_Report.xlsx,2024-12-31,NO_USABLE_TABLE,,,,,,FINANCIAL_REPORT_XLSX,,,
GOOGL,https://www.sec.gov/Archives/edgar/data/1652044/000165204425000014/goog-20241231.htm,2024-12-31,NO_USABLE_TABLE,,,,,,PRIMARY_10K,,https://www.sec.gov/Archives/edgar/data/1652044/000165204425000014/goog-20241231.htm,OK
GOOGL,https://www.sec.gov/Archives/edgar/data/1652044/000165204424000022/Financial_Report.xlsx,2023-12-31,NO_USABLE_TABLE,,,,,,FINANCIAL_REPORT_XLSX,,,
GOOGL,https://www.sec.gov/Archives/edgar/data/1652044/000165204424000022/goog-20231231.htm,2023-12-31,NO_USABLE_TABLE,,,,,,PRIMARY_10K,,https://www.sec.gov/Archives/edgar/data/1652044/000165204424000022/goog-20231231.htm,OK
NVDA,https://www.sec.gov/Archives/edgar/data/1045810/000104581026000021/Financial_Report.xlsx,2026-01-25,EXCEL_DOWNLOAD_ERROR: HTTPError: 404 Client Error: Not Found for url: https://www.sec.gov/Archives/edgar/data/1045810/000104581026000021/Financial_Report.xlsx,,,,,,FINANCIAL_REPORT_XLSX,,,
NVDA,https://www.sec.gov/Archives/edgar/data/1045810/000104581026000021/nvda-20260125.htm,2026-01-25,NO_USABLE_TABLE,,,,,,PRIMARY_10K,,https://www.sec.gov/Archives/edgar/data/1045810/000104581026000021/nvda-20260125.htm,OK
NVDA,https://www.sec.gov/Archives/edgar/data/1045810/000104581025000023/Financial_Report.xlsx,2025-01-26,NO_USABLE_TABLE,,,,,,FINANCIAL_REPORT_XLSX,,,
NVDA,https://www.sec.gov/Archives/edgar/data/1045810/000104581025000023/nvda-20250126.htm,2025-01-26,NO_USABLE_TABLE,,,,,,PRIMARY_10K,,https://www.sec.gov/Archives/edgar/data/1045810/000104581025000023/nvda-20250126.htm,OK
NVDA,https://www.sec.gov/Archives/edgar/data/1045810/000104581024000029/Financial_Report.xlsx,2024-01-28,NO_USABLE_TABLE,,,,,,FINANCIAL_REPORT_XLSX,,,
NVDA,https://www.sec.gov/Archives/edgar/data/1045810/000104581024000029/nvda-20240128.htm,2024-01-28,NO_USABLE_TABLE,,,,,,PRIMARY_10K,,https://www.sec.gov/Archives/edgar/data/1045810/000104581024000029/nvda-20240128.htm,OK
NVDA,https://www.sec.gov/Archives/edgar/data/1045810/000104581023000017/Financial_Report.xlsx,2023-01-29,NO_USABLE_TABLE,,,,,,FINANCIAL_REPORT_XLSX,,,
NVDA,https://www.sec.gov/Archives/edgar/data/1045810/000104581023000017/nvda-20230129.htm,2023-01-29,NO_USABLE_TABLE,,,,,,PRIMARY_10K,,https://www.sec.gov/Archives/edgar/data/1045810/000104581023000017/nvda-20230129.htm,OK
AMZN,https://www.sec.gov/Archives/edgar/data/1018724/000101872426000004/Financial_Report.xlsx,2025-12-31,EXCEL_DOWNLOAD_ERROR: HTTPError: 404 Client Error: Not Found for url: https://www.sec.gov/Archives/edgar/data/1018724/000101872426000004/Financial_Report.xlsx,,,,,,FINANCIAL_REPORT_XLSX,,,
AMZN,https://www.sec.gov/Archives/edgar/data/1018724/000101872426000004/amzn-20251231.htm,2025-12-31,NO_USABLE_TABLE,,,,,,PRIMARY_10K,,https://www.sec.gov/Archives/edgar/data/1018724/000101872426000004/amzn-20251231.htm,OK
AMZN,https://www.sec.gov/Archives/edgar/data/1018724/000101872425000004/Financial_Report.xlsx,2024-12-31,NO_USABLE_TABLE,,,,,,FINANCIAL_REPORT_XLSX,,,
AMZN,https://www.sec.gov/Archives/edgar/data/1018724/000101872425000004/amzn-20241231.htm,2024-12-31,NO_USABLE_TABLE,,,,,,PRIMARY_10K,,https://www.sec.gov/Archives/edgar/data/1018724/000101872425000004/amzn-20241231.htm,OK
AMZN,https://www.sec.gov/Archives/edgar/data/1018724/000101872424000008/Financial_Report.xlsx,2023-12-31,NO_USABLE_TABLE,,,,,,FINANCIAL_REPORT_XLSX,,,
AMZN,https://www.sec.gov/Archives/edgar/data/1018724/000101872424000008/amzn-20231231.htm,2023-12-31,NO_USABLE_TABLE,,,,,,PRIMARY_10K,,https://www.sec.gov/Archives/edgar/data/1018724/000101872424000008/amzn-20231231.htm,OK
AMZN,https://www.sec.gov/Archives/edgar/data/1018724/000101872423000004/Financial_Report.xlsx,2022-12-31,NO_USABLE_TABLE,,,,,,FINANCIAL_REPORT_XLSX,,,
AMZN,https://www.sec.gov/Archives/edgar/data/1018724/000101872423000004/amzn-20221231.htm,2022-12-31,NO_USABLE_TABLE,,,,,,PRIMARY_10K,,https://www.sec.gov/Archives/edgar/data/1018724/000101872423000004/amzn-20221231.htm,OK
META,https://www.sec.gov/Archives/edgar/data/1326801/000162828026003942/Financial_Report.xlsx,2025-12-31,EXCEL_DOWNLOAD_ERROR: HTTPError: 404 Client Error: Not Found for url: https://www.sec.gov/Archives/edgar/data/1326801/000162828026003942/Financial_Report.xlsx,,,,,,FINANCIAL_REPORT_XLSX,,,
META,https://www.sec.gov/Archives/edgar/data/1326801/000162828026003942/meta-20251231.htm,2025-12-31,NO_USABLE_TABLE,,,,,,PRIMARY_10K,,https://www.sec.gov/Archives/edgar/data/1326801/000162828026003942/meta-20251231.htm,OK
META,https://www.sec.gov/Archives/edgar/data/1326801/000162828026003942/R11.htm,2025-12-31,ACCEPTED,1,2023,1.143926,Family of Apps | Reality Labs,ROW_ORIENTED,XBRL_RENDERED_REPORT,,https://www.sec.gov/Archives/edgar/data/1326801/000162828026003942/meta-20251231.htm,OK
META,https://www.sec.gov/Archives/edgar/data/1326801/000132680125000017/Financial_Report.xlsx,2024-12-31,ACCEPTED,Segment and Geographical Info_4,2023,1.143926,Family of Apps | Reality Labs,BLOCK_ORIENTED,FINANCIAL_REPORT_XLSX,Segment and Geographical Info_4,,
TSLA,https://www.sec.gov/Archives/edgar/data/1318605/000162828026003952/Financial_Report.xlsx,2025-12-31,EXCEL_DOWNLOAD_ERROR: HTTPError: 404 Client Error: Not Found for url: https://www.sec.gov/Archives/edgar/data/1318605/000162828026003952/Financial_Report.xlsx,,,,,,FINANCIAL_REPORT_XLSX,,,
TSLA,https://www.sec.gov/Archives/edgar/data/1318605/000162828026003952/tsla-20251231.htm,2025-12-31,NO_USABLE_TABLE,,,,,,PRIMARY_10K,,https://www.sec.gov/Archives/edgar/data/1318605/000162828026003952/tsla-20251231.htm,OK
TSLA,https://www.sec.gov/Archives/edgar/data/1318605/000162828025003063/Financial_Report.xlsx,2024-12-31,NO_USABLE_TABLE,,,,,,FINANCIAL_REPORT_XLSX,,,
TSLA,https://www.sec.gov/Archives/edgar/data/1318605/000162828025003063/tsla-20241231.htm,2024-12-31,NO_USABLE_TABLE,,,,,,PRIMARY_10K,,https://www.sec.gov/Archives/edgar/data/1318605/000162828025003063/tsla-20241231.htm,OK
TSLA,https://www.sec.gov/Archives/edgar/data/1318605/000162828024002390/Financial_Report.xlsx,2023-12-31,NO_USABLE_TABLE,,,,,,FINANCIAL_REPORT_XLSX,,,
TSLA,https://www.sec.gov/Archives/edgar/data/1318605/000162828024002390/tsla-20231231.htm,2023-12-31,NO_USABLE_TABLE,,,,,,PRIMARY_10K,,https://www.sec.gov/Archives/edgar/data/1318605/000162828024002390/tsla-20231231.htm,OK
TSLA,https://www.sec.gov/Archives/edgar/data/1318605/000095017023001409/Financial_Report.xlsx,2022-12-31,NO_USABLE_TABLE,,,,,,FINANCIAL_REPORT_XLSX,,,
TSLA,https://www.sec.gov/Archives/edgar/data/1318605/000095017023001409/tsla-20221231.htm,2022-12-31,NO_USABLE_TABLE,,,,,,PRIMARY_10K,,https://www.sec.gov/Archives/edgar/data/1318605/000095017023001409/tsla-20221231.htm,OK
