case_id,ticker,effective_event_date,event_type,event_subtype,relationship_type,threshold,target,fold,n_train,train_case_ids,train_label_end_max,prediction_t0,p_b0,p_b1,p_b2a,p_b2b,p_b2,pred_b0,pred_b1,pred_b2a,pred_b2b,pred_b2,fit_status
H74,AMZN,2023-02-22,corporate_transaction,acquisition,direct_mention,0.02,0,1,10,H08|H104|H111|H119|H40|H45|H59|H66|H82|H86,2023-02-21,2023-02-22,0.7,0.36148243299713734,0.4169736426390045,0.4430279194924695,0.4742143159852723,1,0,0,0,0,logistic
H36,MSFT,2023-04-26,legal_antitrust,ruling,direct_mention,0.02,1,2,11,H08|H104|H111|H119|H40|H45|H59|H66|H74|H82|H86,2023-02-24,2023-04-26,0.6363636363636364,0.13018566318843794,0.12536762123052214,0.12562068352214953,0.13404911551354032,1,0,0,0,0,logistic
H87,TSLA,2023-05-12,corporate_action,recall,direct_mention,0.02,1,3,12,H08|H104|H111|H119|H36|H40|H45|H59|H66|H74|H82|H86,2023-04-28,2023-05-12,0.6666666666666666,0.7590259136235145,0.7459408307471576,0.768531568215335,0.7377853944462343,1,1,1,1,1,logistic
H95,MSFT,2023-05-15,legal_antitrust,remedy_proposal,direct_mention,0.02,0,4,12,H08|H104|H111|H119|H36|H40|H45|H59|H66|H74|H82|H86,2023-04-28,2023-05-15,0.6666666666666666,0.4367866421167116,0.48041237252067315,0.49863773318092103,0.49865788053542626,1,0,0,0,0,logistic
H22,META,2023-05-22,legal_antitrust,fine,direct_mention,0.02,1,5,14,H08|H104|H111|H119|H36|H40|H45|H59|H66|H74|H82|H86|H87|H95,2023-05-17,2023-05-22,0.6428571428571429,0.6143186910958214,0.6340758145730329,0.6656260019212271,0.6772797209940593,1,1,1,1,1,logistic
H41,GOOGL,2023-06-14,legal_antitrust,charge,direct_mention,0.02,0,6,15,H08|H104|H111|H119|H22|H36|H40|H45|H59|H66|H74|H82|H86|H87|H95,2023-05-24,2023-06-14,0.6666666666666666,0.2208037040006504,0.2405978857195855,0.2450547901525339,0.2401758269394646,1,0,0,0,0,logistic
H46,AMZN,2023-06-21,legal_antitrust,complaint,direct_mention,0.02,1,7,16,H08|H104|H111|H119|H22|H36|H40|H41|H45|H59|H66|H74|H82|H86|H87|H95,2023-06-16,2023-06-21,0.625,0.309151897891604,0.328743561009287,0.3402240043882008,0.2590181909924789,1,0,0,0,0,logistic
H35,MSFT,2023-07-27,legal_antitrust,investigation,direct_mention,0.02,1,8,17,H08|H104|H111|H119|H22|H36|H40|H41|H45|H46|H59|H66|H74|H82|H86|H87|H95,2023-06-23,2023-07-27,0.6470588235294118,0.2489626809784333,0.2674829139007692,0.2696901509202016,0.27568443979696183,1,0,0,0,0,logistic
H15,AAPL,2023-09-07,government_policy,regulation,direct_mention,0.02,1,9,18,H08|H104|H111|H119|H22|H35|H36|H40|H41|H45|H46|H59|H66|H74|H82|H86|H87|H95,2023-07-31,2023-09-07,0.6666666666666666,0.4927440003842903,0.4355747928586469,0.4628173436656466,0.48562840781861694,1,0,0,0,0,logistic
H20,AMZN,2023-09-26,legal_antitrust,complaint,direct_mention,0.02,1,10,19,H08|H104|H111|H119|H15|H22|H35|H36|H40|H41|H45|H46|H59|H66|H74|H82|H86|H87|H95,2023-09-11,2023-09-26,0.6842105263157895,0.44569939698610855,0.44696958867526504,0.45667932003319556,0.41293351861744937,1,0,0,0,0,logistic
H37,MSFT,2023-10-13,corporate_transaction,acquisition,direct_mention,0.02,0,11,20,H08|H104|H111|H119|H15|H20|H22|H35|H36|H40|H41|H45|H46|H59|H66|H74|H82|H86|H87|H95,2023-09-28,2023-10-13,0.7,0.722943813555925,0.6484522446716123,0.658595012691708,0.630869162172012,1,1,1,1,1,logistic
H02,NVDA,2023-10-18,trade_export_control,export_controls,direct_exposure_match,0.02,1,12,21,H08|H104|H111|H119|H15|H20|H22|H35|H36|H37|H40|H41|H45|H46|H59|H66|H74|H82|H86|H87|H95,2023-10-17,2023-10-18,0.6666666666666666,0.5241955916063812,0.5719981436900733,0.6380299456310143,0.5781466089704188,1,1,1,1,1,logistic
H47,AMZN,2023-11-27,legal_antitrust,charge,direct_mention,0.02,0,13,22,H02|H08|H104|H111|H119|H15|H20|H22|H35|H36|H37|H40|H41|H45|H46|H59|H66|H74|H82|H86|H87|H95,2023-10-20,2023-11-27,0.6818181818181818,0.7145073170251667,0.7586722690945208,0.8040087438793366,0.7079177912982385,1,1,1,1,1,logistic
H27,TSLA,2023-12-13,corporate_action,recall,direct_mention,0.02,1,14,23,H02|H08|H104|H111|H119|H15|H20|H22|H35|H36|H37|H40|H41|H45|H46|H47|H59|H66|H74|H82|H86|H87|H95,2023-11-29,2023-12-13,0.6521739130434783,0.5825830521899349,0.5233572095825932,0.45998323687034504,0.5196138382497908,1,1,1,0,1,logistic
H28,TSLA,2024-01-11,supply_chain,production_interruption,direct_mention,0.02,1,15,24,H02|H08|H104|H111|H119|H15|H20|H22|H27|H35|H36|H37|H40|H41|H45|H46|H47|H59|H66|H74|H82|H86|H87|H95,2023-12-15,2024-01-11,0.6666666666666666,0.6068568913349806,0.5712126618180579,0.6246604407872939,0.5777575494104245,1,1,1,1,1,logistic
H39,MSFT,2024-01-25,legal_antitrust,investigation,direct_mention,0.02,0,16,25,H02|H08|H104|H111|H119|H15|H20|H22|H27|H28|H35|H36|H37|H40|H41|H45|H46|H47|H59|H66|H74|H82|H86|H87|H95,2024-01-16,2024-01-25,0.68,0.5082150595386165,0.5455334572608163,0.5755003223614489,0.7013823224894631,1,1,1,1,1,logistic
H42,GOOGL,2024-01-25,legal_antitrust,investigation,direct_mention,0.02,1,16,25,H02|H08|H104|H111|H119|H15|H20|H22|H27|H28|H35|H36|H37|H40|H41|H45|H46|H47|H59|H66|H74|H82|H86|H87|H95,2024-01-16,2024-01-25,0.68,0.5656050765436356,0.6182960980650057,0.6516340550478849,0.7611659996678,1,1,1,1,1,logistic
H48,AMZN,2024-01-25,legal_antitrust,investigation,direct_mention,0.02,1,16,25,H02|H08|H104|H111|H119|H15|H20|H22|H27|H28|H35|H36|H37|H40|H41|H45|H46|H47|H59|H66|H74|H82|H86|H87|H95,2024-01-16,2024-01-25,0.68,0.567117231821234,0.6056625020339947,0.6336289795735551,0.7402358268620663,1,1,1,1,1,logistic
H21,AMZN,2024-01-29,corporate_transaction,acquisition_terminated,direct_mention,0.02,0,17,25,H02|H08|H104|H111|H119|H15|H20|H22|H27|H28|H35|H36|H37|H40|H41|H45|H46|H47|H59|H66|H74|H82|H86|H87|H95,2024-01-16,2024-01-29,0.68,0.5370691675092168,0.4302360942906183,0.5678268615853637,0.5618489597632291,1,1,0,1,1,logistic
H88,TSLA,2024-02-02,corporate_action,recall,direct_mention,0.02,1,18,29,H02|H08|H104|H111|H119|H15|H20|H21|H22|H27|H28|H35|H36|H37|H39|H40|H41|H42|H45|H46|H47|H48|H59|H66|H74|H82|H86|H87|H95,2024-01-31,2024-02-02,0.6551724137931034,0.6562802903788147,0.7624013374773644,0.7625713496922913,0.7700940152439236,1,1,1,1,1,logistic
H30,MSFT,2024-02-27,legal_antitrust,regulatory_scrutiny,direct_mention,0.02,0,19,30,H02|H08|H104|H111|H119|H15|H20|H21|H22|H27|H28|H35|H36|H37|H39|H40|H41|H42|H45|H46|H47|H48|H59|H66|H74|H82|H86|H87|H88|H95,2024-02-06,2024-02-27,0.6666666666666666,0.4461791323894289,0.5106960268093361,0.47285955819137343,0.49038803201497694,1,0,1,0,0,logistic
H13,AAPL,2024-03-04,legal_antitrust,fine,direct_mention,0.02,1,20,31,H02|H08|H104|H111|H119|H15|H20|H21|H22|H27|H28|H30|H35|H36|H37|H39|H40|H41|H42|H45|H46|H47|H48|H59|H66|H74|H82|H86|H87|H88|H95,2024-02-29,2024-03-04,0.6451612903225806,0.36348208223080075,0.3861386006330723,0.3181456955973703,0.38746646282239183,1,0,0,0,0,logistic
H10,TSLA,2024-03-05,infrastructure_outage,outage,direct_mention,0.02,1,21,31,H02|H08|H104|H111|H119|H15|H20|H21|H22|H27|H28|H30|H35|H36|H37|H39|H40|H41|H42|H45|H46|H47|H48|H59|H66|H74|H82|H86|H87|H88|H95,2024-02-29,2024-03-05,0.6451612903225806,0.581622456783302,0.39055512526083414,0.39536139462693537,0.309698482534712,1,1,0,0,0,logistic
H11,META,2024-03-05,infrastructure_outage,outage,direct_mention,0.02,1,21,31,H02|H08|H104|H111|H119|H15|H20|H21|H22|H27|H28|H30|H35|H36|H37|H39|H40|H41|H42|H45|H46|H47|H48|H59|H66|H74|H82|H86|H87|H88|H95,2024-02-29,2024-03-05,0.6451612903225806,0.8029684709661858,0.7241023162963399,0.7270303408158741,0.6617645163649375,1,1,1,1,1,logistic
H50,META,2024-03-13,legal_antitrust,ruling,direct_mention,0.02,0,22,34,H02|H08|H10|H104|H11|H111|H119|H13|H15|H20|H21|H22|H27|H28|H30|H35|H36|H37|H39|H40|H41|H42|H45|H46|H47|H48|H59|H66|H74|H82|H86|H87|H88|H95,2024-03-07,2024-03-13,0.6764705882352942,0.8146460926292872,0.8426856314621158,0.8464773485948416,0.8822223794163606,1,1,1,1,1,logistic
H70,GOOGL,2024-03-20,legal_antitrust,fine,direct_mention,0.02,0,23,35,H02|H08|H10|H104|H11|H111|H119|H13|H15|H20|H21|H22|H27|H28|H30|H35|H36|H37|H39|H40|H41|H42|H45|H46|H47|H48|H50|H59|H66|H74|H82|H86|H87|H88|H95,2024-03-15,2024-03-20,0.6571428571428571,0.5981264404791536,0.6826561943029276,0.6719687709413694,0.8064347441845776,1,1,1,1,1,logistic
H14,AAPL,2024-03-22,legal_antitrust,lawsuit,direct_mention,0.02,0,24,35,H02|H08|H10|H104|H11|H111|H119|H13|H15|H20|H21|H22|H27|H28|H30|H35|H36|H37|H39|H40|H41|H42|H45|H46|H47|H48|H50|H59|H66|H74|H82|H86|H87|H88|H95,2024-03-15,2024-03-22,0.6571428571428571,0.49804228469396605,0.5153260719176849,0.4811645932824452,0.5300849540407148,1,0,1,0,1,logistic
H04,TSLA,2024-03-25,supply_chain,production_interruption,direct_exposure_match,0.02,1,25,36,H02|H08|H10|H104|H11|H111|H119|H13|H15|H20|H21|H22|H27|H28|H30|H35|H36|H37|H39|H40|H41|H42|H45|H46|H47|H48|H50|H59|H66|H70|H74|H82|H86|H87|H88|H95,2024-03-22,2024-03-25,0.6388888888888888,0.7662953396529368,0.8215349769027925,0.8145772200181378,0.8476695995097152,1,1,1,1,1,logistic
H31,AAPL,2024-03-25,legal_antitrust,investigation,direct_mention,0.02,0,25,36,H02|H08|H10|H104|H11|H111|H119|H13|H15|H20|H21|H22|H27|H28|H30|H35|H36|H37|H39|H40|H41|H42|H45|H46|H47|H48|H50|H59|H66|H70|H74|H82|H86|H87|H88|H95,2024-03-22,2024-03-25,0.6388888888888888,0.5066393475384893,0.5073899115239507,0.603856296205465,0.6126381143534328,1,1,1,1,1,logistic
H43,GOOGL,2024-03-25,legal_antitrust,investigation,direct_mention,0.02,0,25,36,H02|H08|H10|H104|H11|H111|H119|H13|H15|H20|H21|H22|H27|H28|H30|H35|H36|H37|H39|H40|H41|H42|H45|H46|H47|H48|H50|H59|H66|H70|H74|H82|H86|H87|H88|H95,2024-03-22,2024-03-25,0.6388888888888888,0.5642852516002403,0.5987971428922445,0.6988641991861767,0.7081012621348826,1,1,1,1,1,logistic
H51,META,2024-03-25,legal_antitrust,investigation,direct_mention,0.02,1,25,36,H02|H08|H10|H104|H11|H111|H119|H13|H15|H20|H21|H22|H27|H28|H30|H35|H36|H37|H39|H40|H41|H42|H45|H46|H47|H48|H50|H59|H66|H70|H74|H82|H86|H87|H88|H95,2024-03-22,2024-03-25,0.6388888888888888,0.7836042234204392,0.7849633342360239,0.8588215217784384,0.8553159624922889,1,1,1,1,1,logistic
H05,NVDA,2024-03-29,trade_export_control,export_controls,direct_exposure_match,0.02,0,26,41,H02|H04|H08|H10|H104|H11|H111|H119|H13|H14|H15|H20|H21|H22|H27|H28|H30|H31|H35|H36|H37|H39|H40|H41|H42|H43|H45|H46|H47|H48|H50|H51|H59|H66|H70|H74|H82|H86|H87|H88|H95,2024-03-27,2024-04-01,0.6097560975609756,0.7338681136510945,0.8163061454039842,0.8123171669707976,0.8731227322188577,1,1,1,1,1,logistic
H49,AMZN,2024-04-03,corporate_action,workforce_reduction,direct_mention,0.02,1,27,41,H02|H04|H08|H10|H104|H11|H111|H119|H13|H14|H15|H20|H21|H22|H27|H28|H30|H31|H35|H36|H37|H39|H40|H41|H42|H43|H45|H46|H47|H48|H50|H51|H59|H66|H70|H74|H82|H86|H87|H88|H95,2024-03-27,2024-04-03,0.6097560975609756,0.4560486893014847,0.5374862478852697,0.5108533046836189,0.5290685807011973,1,0,1,1,1,logistic
H29,TSLA,2024-04-16,corporate_action,workforce_reduction,direct_mention,0.02,1,28,43,H02|H04|H05|H08|H10|H104|H11|H111|H119|H13|H14|H15|H20|H21|H22|H27|H28|H30|H31|H35|H36|H37|H39|H40|H41|H42|H43|H45|H46|H47|H48|H49|H50|H51|H59|H66|H70|H74|H82|H86|H87|H88|H95,2024-04-05,2024-04-16,0.6046511627906976,0.6732552041381442,0.7420800703948044,0.735784394579415,0.8015784165858045,1,1,1,1,1,logistic
H60,TSLA,2024-04-19,corporate_action,recall,direct_mention,0.02,1,29,44,H02|H04|H05|H08|H10|H104|H11|H111|H119|H13|H14|H15|H20|H21|H22|H27|H28|H29|H30|H31|H35|H36|H37|H39|H40|H41|H42|H43|H45|H46|H47|H48|H49|H50|H51|H59|H66|H70|H74|H82|H86|H87|H88|H95,2024-04-18,2024-04-19,0.6136363636363636,0.7493457231729594,0.804084111329492,0.799700889998626,0.7811964418378038,1,1,1,1,1,logistic
H32,AAPL,2024-04-29,government_policy,regulation,direct_mention,0.02,1,30,45,H02|H04|H05|H08|H10|H104|H11|H111|H119|H13|H14|H15|H20|H21|H22|H27|H28|H29|H30|H31|H35|H36|H37|H39|H40|H41|H42|H43|H45|H46|H47|H48|H49|H50|H51|H59|H60|H66|H70|H74|H82|H86|H87|H88|H95,2024-04-23,2024-04-29,0.6222222222222222,0.4590039226317566,0.6285322394503247,0.614012695550543,0.69841016680009,1,0,1,1,1,logistic
H52,META,2024-05-08,legal_antitrust,fine,direct_mention,0.02,0,31,46,H02|H04|H05|H08|H10|H104|H11|H111|H119|H13|H14|H15|H20|H21|H22|H27|H28|H29|H30|H31|H32|H35|H36|H37|H39|H40|H41|H42|H43|H45|H46|H47|H48|H49|H50|H51|H59|H60|H66|H70|H74|H82|H86|H87|H88|H95,2024-05-01,2024-05-08,0.6304347826086957,0.642665214772421,0.6039666899081816,0.662236581838322,0.6733816893413935,1,1,1,1,1,logistic
H33,AAPL,2024-06-24,legal_antitrust,charge,direct_mention,0.02,1,32,47,H02|H04|H05|H08|H10|H104|H11|H111|H119|H13|H14|H15|H20|H21|H22|H27|H28|H29|H30|H31|H32|H35|H36|H37|H39|H40|H41|H42|H43|H45|H46|H47|H48|H49|H50|H51|H52|H59|H60|H66|H70|H74|H82|H86|H87|H88|H95,2024-05-10,2024-06-24,0.6170212765957447,0.44748034742688936,0.3893734623639775,0.35399321613641455,0.25588858209512927,1,0,0,0,0,logistic
H16,MSFT,2024-06-25,legal_antitrust,charge,direct_mention,0.02,0,33,47,H02|H04|H05|H08|H10|H104|H11|H111|H119|H13|H14|H15|H20|H21|H22|H27|H28|H29|H30|H31|H32|H35|H36|H37|H39|H40|H41|H42|H43|H45|H46|H47|H48|H49|H50|H51|H52|H59|H60|H66|H70|H74|H82|H86|H87|H88|H95,2024-05-10,2024-06-25,0.6170212765957447,0.36053107193278294,0.36009726237859396,0.3210752522532923,0.22241274003231792,1,0,0,0,0,logistic
H53,META,2024-07-01,legal_antitrust,charge,direct_mention,0.02,0,34,49,H02|H04|H05|H08|H10|H104|H11|H111|H119|H13|H14|H15|H16|H20|H21|H22|H27|H28|H29|H30|H31|H32|H33|H35|H36|H37|H39|H40|H41|H42|H43|H45|H46|H47|H48|H49|H50|H51|H52|H59|H60|H66|H70|H74|H82|H86|H87|H88|H95,2024-06-27,2024-07-01,0.6122448979591837,0.5424777614387478,0.5123418766645679,0.39578969119244023,0.4224904965270447,1,1,1,0,0,logistic
H34,AAPL,2024-07-12,legal_antitrust,investigation_finding,direct_mention,0.02,1,35,50,H02|H04|H05|H08|H10|H104|H11|H111|H119|H13|H14|H15|H16|H20|H21|H22|H27|H28|H29|H30|H31|H32|H33|H35|H36|H37|H39|H40|H41|H42|H43|H45|H46|H47|H48|H49|H50|H51|H52|H53|H59|H60|H66|H70|H74|H82|H86|H87|H88|H95,2024-07-03,2024-07-12,0.6,0.4038559075637861,0.3871309243726331,0.4223163885745627,0.39218226527657857,1,0,0,0,0,logistic
H68,MSFT,2024-07-16,legal_antitrust,investigation,direct_mention,0.02,0,36,50,H02|H04|H05|H08|H10|H104|H11|H111|H119|H13|H14|H15|H16|H20|H21|H22|H27|H28|H29|H30|H31|H32|H33|H35|H36|H37|H39|H40|H41|H42|H43|H45|H46|H47|H48|H49|H50|H51|H52|H53|H59|H60|H66|H70|H74|H82|H86|H87|H88|H95,2024-07-03,2024-07-16,0.6,0.40625982127350746,0.3818683184179625,0.43734430258692464,0.4518399121638441,1,0,0,0,0,logistic
H17,MSFT,2024-07-19,infrastructure_outage,outage,direct_mention,0.02,0,37,52,H02|H04|H05|H08|H10|H104|H11|H111|H119|H13|H14|H15|H16|H20|H21|H22|H27|H28|H29|H30|H31|H32|H33|H34|H35|H36|H37|H39|H40|H41|H42|H43|H45|H46|H47|H48|H49|H50|H51|H52|H53|H59|H60|H66|H68|H70|H74|H82|H86|H87|H88|H95,2024-07-18,2024-07-19,0.5961538461538461,0.3880301450970864,0.44530882255466303,0.406591911085908,0.4339265704098283,1,0,0,0,0,logistic
H115,TSLA,2024-07-30,corporate_action,recall,direct_mention,0.02,1,38,53,H02|H04|H05|H08|H10|H104|H11|H111|H119|H13|H14|H15|H16|H17|H20|H21|H22|H27|H28|H29|H30|H31|H32|H33|H34|H35|H36|H37|H39|H40|H41|H42|H43|H45|H46|H47|H48|H49|H50|H51|H52|H53|H59|H60|H66|H68|H70|H74|H82|H86|H87|H88|H95,2024-07-23,2024-07-30,0.5849056603773585,0.702684318144411,0.7920484987514176,0.7903373732720419,0.8023539351192879,1,1,1,1,1,logistic
H54,META,2024-07-30,legal_antitrust,settlement,direct_mention,0.02,1,38,53,H02|H04|H05|H08|H10|H104|H11|H111|H119|H13|H14|H15|H16|H17|H20|H21|H22|H27|H28|H29|H30|H31|H32|H33|H34|H35|H36|H37|H39|H40|H41|H42|H43|H45|H46|H47|H48|H49|H50|H51|H52|H53|H59|H60|H66|H68|H70|H74|H82|H86|H87|H88|H95,2024-07-23,2024-07-30,0.5849056603773585,0.4504336342000583,0.39668741361239096,0.4641254189125208,0.39993508737381833,1,0,0,0,0,logistic
H18,GOOGL,2024-08-06,legal_antitrust,ruling,direct_mention,0.02,0,39,55,H02|H04|H05|H08|H10|H104|H11|H111|H115|H119|H13|H14|H15|H16|H17|H20|H21|H22|H27|H28|H29|H30|H31|H32|H33|H34|H35|H36|H37|H39|H40|H41|H42|H43|H45|H46|H47|H48|H49|H50|H51|H52|H53|H54|H59|H60|H66|H68|H70|H74|H82|H86|H87|H88|H95,2024-08-01,2024-08-06,0.6,0.489786983516973,0.46958670666260643,0.5178173854320489,0.40427663530420627,1,0,0,1,0,logistic
H55,META,2024-09-27,legal_antitrust,fine,direct_mention,0.02,1,40,56,H02|H04|H05|H08|H10|H104|H11|H111|H115|H119|H13|H14|H15|H16|H17|H18|H20|H21|H22|H27|H28|H29|H30|H31|H32|H33|H34|H35|H36|H37|H39|H40|H41|H42|H43|H45|H46|H47|H48|H49|H50|H51|H52|H53|H54|H59|H60|H66|H68|H70|H74|H82|H86|H87|H88|H95,2024-08-08,2024-09-27,0.5892857142857143,0.5851628236975758,0.5629049785271463,0.5796209952362054,0.6066695099398353,1,1,1,1,1,logistic
H57,NVDA,2024-10-23,supply_chain,production_constraint,direct_mention,0.02,0,41,57,H02|H04|H05|H08|H10|H104|H11|H111|H115|H119|H13|H14|H15|H16|H17|H18|H20|H21|H22|H27|H28|H29|H30|H31|H32|H33|H34|H35|H36|H37|H39|H40|H41|H42|H43|H45|H46|H47|H48|H49|H50|H51|H52|H53|H54|H55|H59|H60|H66|H68|H70|H74|H82|H86|H87|H88|H95,2024-10-01,2024-10-23,0.5964912280701754,0.8411135433525598,0.9021387461409573,0.939813969678029,0.9177038273154492,1,1,1,1,1,logistic
H24,META,2024-11-14,legal_antitrust,fine,direct_mention,0.02,1,42,58,H02|H04|H05|H08|H10|H104|H11|H111|H115|H119|H13|H14|H15|H16|H17|H18|H20|H21|H22|H27|H28|H29|H30|H31|H32|H33|H34|H35|H36|H37|H39|H40|H41|H42|H43|H45|H46|H47|H48|H49|H50|H51|H52|H53|H54|H55|H57|H59|H60|H66|H68|H70|H74|H82|H86|H87|H88|H95,2024-10-25,2024-11-14,0.5862068965517241,0.4273400745344415,0.41378235404800423,0.46296196120132416,0.47906571914663343,1,0,0,0,0,logistic
H19,GOOGL,2024-11-20,legal_antitrust,remedy_proposal,direct_mention,0.02,1,43,59,H02|H04|H05|H08|H10|H104|H11|H111|H115|H119|H13|H14|H15|H16|H17|H18|H20|H21|H22|H24|H27|H28|H29|H30|H31|H32|H33|H34|H35|H36|H37|H39|H40|H41|H42|H43|H45|H46|H47|H48|H49|H50|H51|H52|H53|H54|H55|H57|H59|H60|H66|H68|H70|H74|H82|H86|H87|H88|H95,2024-11-18,2024-11-20,0.5932203389830508,0.39704399635242016,0.38603343916278005,0.4804088652110174,0.3046997334217029,1,0,0,0,0,logistic
H84,NVDA,2024-12-09,legal_antitrust,investigation,direct_mention,0.02,1,44,60,H02|H04|H05|H08|H10|H104|H11|H111|H115|H119|H13|H14|H15|H16|H17|H18|H19|H20|H21|H22|H24|H27|H28|H29|H30|H31|H32|H33|H34|H35|H36|H37|H39|H40|H41|H42|H43|H45|H46|H47|H48|H49|H50|H51|H52|H53|H54|H55|H57|H59|H60|H66|H68|H70|H74|H82|H86|H87|H88|H95,2024-11-22,2024-12-09,0.6,0.6567457846017518,0.638516038691246,0.6150715007970381,0.6293244140891053,1,1,1,1,1,logistic
H85,NVDA,2024-12-30,corporate_transaction,acquisition,direct_mention,0.02,1,45,61,H02|H04|H05|H08|H10|H104|H11|H111|H115|H119|H13|H14|H15|H16|H17|H18|H19|H20|H21|H22|H24|H27|H28|H29|H30|H31|H32|H33|H34|H35|H36|H37|H39|H40|H41|H42|H43|H45|H46|H47|H48|H49|H50|H51|H52|H53|H54|H55|H57|H59|H60|H66|H68|H70|H74|H82|H84|H86|H87|H88|H95,2024-12-11,2024-12-30,0.6065573770491803,0.5553797849927775,0.45072715786396533,0.36650512450722994,0.41197782822997675,1,1,0,0,0,logistic
H91,AAPL,2025-01-02,legal_antitrust,settlement,direct_mention,0.02,1,46,61,H02|H04|H05|H08|H10|H104|H11|H111|H115|H119|H13|H14|H15|H16|H17|H18|H19|H20|H21|H22|H24|H27|H28|H29|H30|H31|H32|H33|H34|H35|H36|H37|H39|H40|H41|H42|H43|H45|H46|H47|H48|H49|H50|H51|H52|H53|H54|H55|H57|H59|H60|H66|H68|H70|H74|H82|H84|H86|H87|H88|H95,2024-12-11,2025-01-02,0.6065573770491803,0.3443452542550303,0.35084212578157764,0.4512594535675115,0.4537982001414094,1,0,0,0,0,logistic
H72,GOOGL,2025-03-19,legal_antitrust,charge,direct_mention,0.02,0,47,63,H02|H04|H05|H08|H10|H104|H11|H111|H115|H119|H13|H14|H15|H16|H17|H18|H19|H20|H21|H22|H24|H27|H28|H29|H30|H31|H32|H33|H34|H35|H36|H37|H39|H40|H41|H42|H43|H45|H46|H47|H48|H49|H50|H51|H52|H53|H54|H55|H57|H59|H60|H66|H68|H70|H74|H82|H84|H85|H86|H87|H88|H91|H95,2025-01-06,2025-03-19,0.6190476190476191,0.7032132604730033,0.6891767774857772,0.47670564797422355,0.49806821825410813,1,1,1,0,0,logistic
H58,NVDA,2025-04-15,trade_export_control,export_controls,direct_mention,0.02,1,48,64,H02|H04|H05|H08|H10|H104|H11|H111|H115|H119|H13|H14|H15|H16|H17|H18|H19|H20|H21|H22|H24|H27|H28|H29|H30|H31|H32|H33|H34|H35|H36|H37|H39|H40|H41|H42|H43|H45|H46|H47|H48|H49|H50|H51|H52|H53|H54|H55|H57|H59|H60|H66|H68|H70|H72|H74|H82|H84|H85|H86|H87|H88|H91|H95,2025-03-21,2025-04-15,0.609375,0.9221328878693342,0.8895545322915869,0.839193442882567,0.8845704140059596,1,1,1,1,1,logistic
H44,GOOGL,2025-04-17,legal_antitrust,ruling,direct_mention,0.02,0,49,64,H02|H04|H05|H08|H10|H104|H11|H111|H115|H119|H13|H14|H15|H16|H17|H18|H19|H20|H21|H22|H24|H27|H28|H29|H30|H31|H32|H33|H34|H35|H36|H37|H39|H40|H41|H42|H43|H45|H46|H47|H48|H49|H50|H51|H52|H53|H54|H55|H57|H59|H60|H66|H68|H70|H72|H74|H82|H84|H85|H86|H87|H88|H91|H95,2025-03-21,2025-04-17,0.609375,0.6033800039785587,0.556056920224586,0.43779591744280255,0.4596154561320028,1,1,1,0,0,logistic
H61,AAPL,2025-04-23,legal_antitrust,fine,direct_mention,0.02,0,50,66,H02|H04|H05|H08|H10|H104|H11|H111|H115|H119|H13|H14|H15|H16|H17|H18|H19|H20|H21|H22|H24|H27|H28|H29|H30|H31|H32|H33|H34|H35|H36|H37|H39|H40|H41|H42|H43|H44|H45|H46|H47|H48|H49|H50|H51|H52|H53|H54|H55|H57|H58|H59|H60|H66|H68|H70|H72|H74|H82|H84|H85|H86|H87|H88|H91|H95,2025-04-22,2025-04-23,0.6060606060606061,0.7088770423760844,0.6208357607371887,0.7110451273366982,0.698808768393831,1,1,1,1,1,logistic
H97,MSFT,2025-05-13,corporate_action,workforce_reduction,direct_mention,0.02,0,51,67,H02|H04|H05|H08|H10|H104|H11|H111|H115|H119|H13|H14|H15|H16|H17|H18|H19|H20|H21|H22|H24|H27|H28|H29|H30|H31|H32|H33|H34|H35|H36|H37|H39|H40|H41|H42|H43|H44|H45|H46|H47|H48|H49|H50|H51|H52|H53|H54|H55|H57|H58|H59|H60|H61|H66|H68|H70|H72|H74|H82|H84|H85|H86|H87|H88|H91|H95,2025-04-25,2025-05-13,0.5970149253731343,0.7014041058710359,0.841372323031735,0.8902703430067551,0.8846597134378256,1,1,1,1,1,logistic
H09,GOOGL,2025-06-12,infrastructure_outage,outage,direct_mention,0.02,0,52,68,H02|H04|H05|H08|H10|H104|H11|H111|H115|H119|H13|H14|H15|H16|H17|H18|H19|H20|H21|H22|H24|H27|H28|H29|H30|H31|H32|H33|H34|H35|H36|H37|H39|H40|H41|H42|H43|H44|H45|H46|H47|H48|H49|H50|H51|H52|H53|H54|H55|H57|H58|H59|H60|H61|H66|H68|H70|H72|H74|H82|H84|H85|H86|H87|H88|H91|H95|H97,2025-05-15,2025-06-12,0.5882352941176471,0.5590094276597387,0.5212804351634247,0.4676523232157062,0.5181472622156157,1,1,1,0,1,logistic
H03,AMZN,2025-10-20,infrastructure_outage,outage,direct_exposure_match,0.02,1,53,69,H02|H04|H05|H08|H09|H10|H104|H11|H111|H115|H119|H13|H14|H15|H16|H17|H18|H19|H20|H21|H22|H24|H27|H28|H29|H30|H31|H32|H33|H34|H35|H36|H37|H39|H40|H41|H42|H43|H44|H45|H46|H47|H48|H49|H50|H51|H52|H53|H54|H55|H57|H58|H59|H60|H61|H66|H68|H70|H72|H74|H82|H84|H85|H86|H87|H88|H91|H95|H97,2025-06-16,2025-10-20,0.5797101449275363,0.6519112517733696,0.5445717250319572,0.49760949671429555,0.4378131616794753,1,1,1,0,0,logistic
