feature,coefficient,abs_coefficient
categorical__event_subtype_charge,-0.908297736083825,0.908297736083825
categorical__event_subtype_settlement,0.8017415792093272,0.8017415792093272
numeric__pre60_vol,0.7305632104618738,0.7305632104618738
categorical__event_subtype_production_constraint,-0.5573313730507429,0.5573313730507429
categorical__event_subtype_ruling,-0.552603107871293,0.552603107871293
numeric__pre5_qqq_relative,-0.5287057588492511,0.5287057588492511
categorical__event_subtype_regulation,0.5107216649724468,0.5107216649724468
categorical__event_type_government_policy,0.5107216649724468,0.5107216649724468
categorical__event_subtype_investigation_finding,0.4504665415329257,0.4504665415329257
categorical__event_subtype_production_interruption,0.4058812941203911,0.4058812941203911
categorical__event_subtype_regulatory_scrutiny,-0.34426040656628576,0.34426040656628576
numeric__pre5_stock_return,0.34380436457681063,0.34380436457681063
categorical__event_type_corporate_action,0.334332555842923,0.334332555842923
numeric__pre20_vol,-0.3242226197194995,0.3242226197194995
categorical__event_subtype_recall,0.26274467241721305,0.26274467241721305
categorical__event_subtype_outage,-0.25470747365516266,0.25470747365516266
categorical__event_type_infrastructure_outage,-0.25470747365516266,0.25470747365516266
categorical__relationship_type_direct_exposure_match,0.21808197307047006,0.21808197307047006
categorical__event_subtype_complaint,0.20412717373468897,0.20412717373468897
categorical__event_subtype_fine,0.19776059942256383,0.19776059942256383
categorical__event_subtype_strike,0.17968121547387536,0.17968121547387536
categorical__event_type_labor_disruption,0.17968121547387536,0.17968121547387536
categorical__event_type_supply_chain,-0.15145007893035184,0.15145007893035184
categorical__event_subtype_pricing_change,0.14252408558504714,0.14252408558504714
categorical__event_type_legal_antitrust,-0.13031664709301732,0.13031664709301732
categorical__event_type_corporate_transaction,-0.13020617638406765,0.13020617638406765
categorical__relationship_type_direct_mention,0.11458838594533337,0.11458838594533337
numeric__pre20_stock_return,-0.09895052640934283,0.09895052640934283
categorical__event_subtype_acquisition_terminated,-0.07396864570980546,0.07396864570980546
categorical__event_subtype_workforce_reduction,-0.07093620215933737,0.07093620215933737
categorical__event_subtype_lawsuit,-0.06735141267018403,0.06735141267018403
categorical__event_subtype_remedy_proposal,0.06523761488988558,0.06523761488988558
categorical__event_subtype_acquisition,-0.05623753067426198,0.05623753067426198
categorical__event_type_trade_export_control,-0.025384701210843703,0.025384701210843703
categorical__event_subtype_export_controls,-0.025384701210843703,0.025384701210843703
categorical__event_subtype_investigation,0.022862507309180047,0.022862507309180047
numeric__pre20_qqq_relative,0.00018185489463688759,0.00018185489463688759
