case_id,ticker,event_name,event_engine_status,ml_eligible,event_date_reported,event_time_utc,prior_trading_session,effective_event_date,t0_session,t3_session,event_type,event_subtype,relationship_type,label_qqq_relative_3d,label_material_3d_2pct,label_material_3d_3pct,label_material_3d_4pct,pre20_vol,pre60_vol,pre5_stock_return,pre5_qqq_relative,pre20_stock_return,pre20_qqq_relative,feature_last_session,feature_session_count,target
H82,NVDA,US imposes license requirement on Nvidia A100 and H100 chip exports to China,accepted,True,2022-08-31,,2022-08-30,2022-08-31,2022-08-31,2022-09-02,trade_export_control,export_controls,direct_mention,-0.098293,1,1,1,0.6107114988079159,0.5772804826944279,-0.09970312369557377,-0.0580602811751153,-0.16506524942605028,-0.12272122204343294,2022-08-30,110,1
H66,MSFT,FTC sues to block Microsoft's acquisition of Activision Blizzard,accepted,True,2022-12-08,,2022-12-07,2022-12-08,2022-12-08,2022-12-12,legal_antitrust,complaint,direct_mention,0.015309,0,0,0,0.41681011793516454,0.4064173269132394,-0.042212135683252994,0.0015224812137657473,0.06772403692351014,0.026950905343886333,2022-12-07,179,0
H59,TSLA,Tesla cuts vehicle prices in U.S. and Europe,accepted,True,2023-01-13,,2023-01-12,2023-01-13,2023-01-13,2023-01-18,corporate_action,pricing_change,direct_mention,0.046439,1,1,1,0.8898630680671877,0.7111511898272296,0.11981150679233266,0.053025047133742786,-0.23230817085179678,-0.19904987774073446,2023-01-12,203,1
H40,GOOGL,U.S. Justice Department sues Google over digital advertising technology,accepted,True,2023-01-24,,2023-01-23,2023-01-24,2023-01-24,2023-01-26,legal_antitrust,lawsuit,direct_mention,-0.037906,1,1,0,0.3168416302414641,0.43273892495242944,0.08326094160076303,0.054823776780100086,0.11397632145317904,0.057256707060534096,2023-01-23,209,1
H08,MSFT,Microsoft Azure global outage,accepted,True,2023-01-25,2023-01-25T16:41:02Z,2023-01-24,2023-01-25,2023-01-25,2023-01-27,infrastructure_outage,outage,direct_mention,-0.002076,0,0,0,0.3069865809971091,0.3620899093163156,0.007031359016855365,-0.017228022829316014,0.016163528297849616,-0.06484556062274605,2023-01-24,210,0
H45,AMZN,Amazon workers walk out in first UK strike,accepted,True,2023-01-25,,2023-01-24,2023-01-25,2023-01-25,2023-01-27,labor_disruption,strike,direct_mention,0.034101,1,1,0,0.38362475074729563,0.4861813522945531,0.0028110008796244923,-0.021448380966546887,0.14954050175902212,0.06853141283842645,2023-01-24,210,1
H86,TSLA,"Tesla recalls more than 362,000 US vehicles over Full Self-Driving software",accepted,True,2023-02-16,,2023-02-15,2023-02-16,2023-02-16,2023-02-21,corporate_action,recall,direct_mention,-0.029989,1,0,0,0.7168393301886931,0.7997023994359186,0.06433510178830848,0.048794769093862156,0.6636124205928016,0.5512617632150991,2023-02-15,226,1
H74,AMZN,Amazon completes acquisition of One Medical,accepted,True,2023-02-22,,2023-02-21,2023-02-22,2023-02-22,2023-02-24,corporate_transaction,acquisition,direct_mention,-0.004005,0,0,0,0.4976554082365288,0.4174828955192722,-0.04982920473028607,-0.015444964268206851,-0.030147609856596147,-0.04769331678539401,2023-02-21,229,0
H36,MSFT,UK blocks Microsoft's Activision acquisition,accepted,True,2023-04-26,,2023-04-25,2023-04-26,2023-04-26,2023-04-28,legal_antitrust,ruling,direct_mention,0.075056,1,1,1,0.2194849688194162,0.2817066990365113,-0.04490752127034059,-0.017089684211206935,-0.0034734475653734886,-0.007457060824369144,2023-04-25,273,1
H87,TSLA,Tesla recalls more than 1.1 million vehicles in China,accepted,True,2023-05-12,,2023-05-11,2023-05-12,2023-05-12,2023-05-16,corporate_action,recall,direct_mention,-0.035253,1,1,0,0.5018434786803319,0.5211797699307009,0.06749382809421411,0.03577039338085419,-0.07434100333066807,-0.09636687820468282,2023-05-11,285,1
H22,META,Meta EU privacy fine over data transfers,accepted,True,2023-05-22,,2023-05-19,2023-05-22,2023-05-22,2023-05-24,legal_antitrust,fine,direct_mention,0.028976,1,0,0,0.5269707750522992,0.40939832615459487,0.05059664665575325,0.015276796089826572,0.15383531445297405,0.09098188172890631,2023-05-19,291,1
H41,GOOGL,Google faces EU antitrust charge over ad-tech practices,accepted,True,2023-06-14,,2023-06-13,2023-06-14,2023-06-14,2023-06-16,legal_antitrust,charge,direct_mention,-0.015278,0,0,0,0.23951470065925717,0.27686315124690347,-0.027334818900907165,-0.05106386160926235,0.06282722135963237,-0.048773501633983196,2023-06-13,307,0
H46,AMZN,FTC sues Amazon over Prime enrollment and cancellation practices,accepted,True,2023-06-21,,2023-06-20,2023-06-21,2023-06-21,2023-06-23,legal_antitrust,complaint,direct_mention,0.040107,1,1,1,0.29202010399791506,0.3149898560343578,-0.006241612684144249,-0.024022976482739322,0.08197848412298381,-0.008330817974821825,2023-06-20,311,1
H35,MSFT,EU opens antitrust investigation into Microsoft Teams and Office bundling,accepted,True,2023-07-27,,2023-07-26,2023-07-27,2023-07-27,2023-07-31,legal_antitrust,investigation,direct_mention,-0.021794,1,0,0,0.268021121351003,0.23872987572967977,-0.04874957252785306,-0.027668268206622493,0.009564460708972433,-0.028063010765776664,2023-07-26,336,1
H15,AAPL,China widening iPhone government-use curbs,accepted,True,2023-09-07,,2023-09-06,2023-09-07,2023-09-07,2023-09-11,government_policy,regulation,direct_mention,-0.025359,1,0,0,0.23737271182397202,0.2060945974503188,-0.0065717547641038765,-0.006491708922184092,0.01729699976398935,0.00993143461782009,2023-09-06,365,1
H20,AMZN,FTC antitrust complaint against Amazon,accepted,True,2023-09-26,,2023-09-25,2023-09-26,2023-09-26,2023-09-28,legal_antitrust,complaint,direct_mention,-0.035849,1,1,0,0.3044658975802287,0.3161131217749647,-0.062223115594541745,-0.032411379228672654,-0.0149331406003691,-0.0028184112030673614,2023-09-25,378,1
H37,MSFT,Microsoft closes Activision acquisition after UK clearance,accepted,True,2023-10-13,,2023-10-12,2023-10-13,2023-10-13,2023-10-17,corporate_transaction,acquisition,direct_mention,0.007394,0,0,0,0.22582630612106147,0.21640471648005635,0.036948956825499035,0.00561273290548292,-0.022261612852594204,-0.002806059663536864,2023-10-12,391,0
H02,NVDA,U.S. AI-chip export controls,accepted,True,2023-10-17,2023-10-17T23:49:00Z,2023-10-17,2023-10-18,2023-10-18,2023-10-20,trade_export_control,export_controls,direct_exposure_match,-0.021123,1,0,0,0.35281905614096876,0.3991125869615258,-0.04061314024014151,-0.039555097062806244,0.009604762481190576,0.014119816235759308,2023-10-17,394,1
H47,AMZN,EU sends Amazon statement of objections over iRobot acquisition,accepted,True,2023-11-27,,2023-11-24,2023-11-27,2023-11-27,2023-11-29,legal_antitrust,charge,direct_mention,-0.003632,0,0,0,0.3222114967971485,0.33986341258205455,0.027375226576936473,0.01815124044920946,0.2272309598367921,0.09381419438568095,2023-11-24,421,0
H27,TSLA,Tesla Autopilot recall,accepted,True,2023-12-13,,2023-12-12,2023-12-13,2023-12-13,2023-12-15,corporate_action,recall,direct_mention,0.052845,1,1,1,0.37218305507375127,0.44665462719831583,-0.007163231841165296,-0.03654690978722963,0.05945191271653716,0.002560466416626772,2023-12-12,433,1
H28,TSLA,Tesla Berlin production suspension from Red Sea disruption,accepted,True,2024-01-11,,2024-01-10,2024-01-11,2024-01-11,2024-01-16,supply_chain,production_interruption,direct_mention,-0.06247,1,1,1,0.36261704124473765,0.44924884418812744,-0.01891379561566897,-0.04444542459306533,-0.02419288779036599,-0.05701047311316343,2024-01-10,452,1
H39,MSFT,FTC launches inquiry into Microsoft's generative-AI partnership investments,accepted,True,2024-01-25,,2024-01-24,2024-01-25,2024-01-25,2024-01-29,legal_antitrust,investigation,direct_mention,0.012338,0,0,0,0.13019984196820106,0.1652814182999094,0.03360976788164183,-0.01211601367556625,0.07469702597399741,0.03196726085128887,2024-01-24,461,0
H42,GOOGL,FTC launches inquiry into Alphabet generative-AI partnership investments,accepted,True,2024-01-25,,2024-01-24,2024-01-25,2024-01-25,2024-01-29,legal_antitrust,investigation,direct_mention,0.026899,1,0,0,0.1695658178121721,0.20468115092891173,0.0511062109645406,0.005380429407332521,0.05095760248186898,0.00822783735916044,2024-01-24,461,1
H48,AMZN,FTC launches inquiry into Amazon generative-AI partnership investments,accepted,True,2024-01-25,,2024-01-24,2024-01-25,2024-01-25,2024-01-29,legal_antitrust,investigation,direct_mention,0.022537,1,0,0,0.19589618231358014,0.24840092468713543,0.03401218228835967,-0.011713599268848407,0.022487270169584184,-0.020242494953124357,2024-01-24,461,1
H21,AMZN,Amazon and iRobot terminate acquisition,accepted,True,2024-01-29,,2024-01-26,2024-01-29,2024-01-29,2024-01-31,corporate_transaction,acquisition_terminated,direct_mention,-0.008496,0,0,0,0.19793684416901644,0.1970608443414778,0.024333712298246324,0.018089339515712455,0.03769400624322716,0.007779066854177952,2024-01-26,463,0
H88,TSLA,Tesla recalls about 2.2 million US vehicles over warning-light font size,accepted,True,2024-02-02,,2024-02-01,2024-02-02,2024-02-02,2024-02-06,corporate_action,recall,direct_mention,-0.033444,1,1,0,0.4949224801457942,0.44249982421289563,0.034112662547080674,0.044597009109087815,-0.2079681147937048,-0.26708999641050435,2024-02-01,467,1
H30,MSFT,Microsoft Mistral AI deal faces formal EU scrutiny,accepted,True,2024-02-27,2024-02-27T10:28:57Z,2024-02-26,2024-02-27,2024-02-27,2024-02-29,legal_antitrust,regulatory_scrutiny,direct_mention,0.009356,0,0,0,0.22396958797417058,0.17282533130339525,0.008612609531641446,-0.005275911189791538,0.008937231536649382,-0.02112338597536123,2024-02-26,483,0
H13,AAPL,Apple EU antitrust fine in Spotify case,accepted,True,2024-03-04,2024-03-04T18:30:09Z,2024-03-01,2024-03-04,2024-03-04,2024-03-06,legal_antitrust,fine,direct_mention,-0.043362,1,1,1,0.11216137576593863,0.1763081070182029,-0.01566951864674626,-0.035885615072735244,-0.03853150446711151,-0.0947796797636431,2024-03-01,487,1
H10,TSLA,Tesla Berlin power outage,accepted,True,2024-03-05,2024-03-05T16:45:37Z,2024-03-04,2024-03-05,2024-03-05,2024-03-07,infrastructure_outage,outage,direct_mention,-0.053662,1,1,1,0.4755617124148135,0.44797820451335074,-0.05646938240470267,-0.07358082766774943,0.0012239674474843198,-0.03376351281258483,2024-03-04,488,1
H11,META,Facebook / Instagram global outage,accepted,True,2024-03-05,,2024-03-04,2024-03-05,2024-03-05,2024-03-07,infrastructure_outage,outage,direct_mention,0.024881,1,0,0,0.3030690257854314,0.47969975192619235,0.03414707630775693,0.017035631044710176,0.04884316024340585,0.0138556799833367,2024-03-04,488,1
H50,META,"FTC can reopen Meta privacy case, court rules",accepted,True,2024-03-13,,2024-03-12,2024-03-13,2024-03-13,2024-03-15,legal_antitrust,ruling,direct_mention,-0.009362,0,0,0,0.34976450347591626,0.49249016560529035,0.01944024877721451,0.0019880848460605005,0.06579229367686046,0.046680777633751225,2024-03-12,494,0
H70,GOOGL,French competition watchdog fines Google 250 million euros,accepted,True,2024-03-20,,2024-03-19,2024-03-20,2024-03-20,2024-03-22,legal_antitrust,fine,direct_mention,0.007629,0,0,0,0.3167367502823069,0.2804043110591955,0.061588438839688564,0.07306117989336958,0.041879279100042854,0.015552405077820186,2024-03-19,499,0
H14,AAPL,Apple U.S. antitrust lawsuit,accepted,True,2024-03-21,2024-03-21T22:07:47Z,2024-03-21,2024-03-22,2024-03-22,2024-03-26,legal_antitrust,lawsuit,direct_mention,-0.003967,0,0,0,0.23566938127504453,0.20475545161527278,-0.009421993542268803,-0.024747357308396722,-0.07051038858973269,-0.08831573399699288,2024-03-21,501,0
H04,TSLA,Tesla Shanghai production cut,accepted,True,2024-03-25,,2024-03-22,2024-03-25,2024-03-25,2024-03-27,supply_chain,production_interruption,direct_exposure_match,0.056156,1,1,1,0.48741047712750374,0.4650696203636313,0.044384631544618136,0.015669681624122633,-0.11012136925156502,-0.1321004116306701,2024-03-22,502,1
H31,AAPL,Apple targeted in EU's first Digital Markets Act probe,accepted,True,2024-03-25,,2024-03-22,2024-03-25,2024-03-25,2024-03-27,legal_antitrust,investigation,direct_mention,0.009451,0,0,0,0.2363572344791056,0.20528444624905492,-0.001969623146263033,-0.030684573066758536,-0.05610346950177603,-0.07808251188088111,2024-03-22,502,0
H43,GOOGL,Google targeted in EU's first Digital Markets Act probe,accepted,True,2024-03-25,,2024-03-22,2024-03-25,2024-03-25,2024-03-27,legal_antitrust,investigation,direct_mention,0.004136,0,0,0,0.32519421856264097,0.28317014472370167,0.06792755414503437,0.03921260422453887,0.047304787725727104,0.02532574534662202,2024-03-22,502,0
H51,META,Meta targeted in EU's first Digital Markets Act probe,accepted,True,2024-03-25,,2024-03-22,2024-03-25,2024-03-25,2024-03-27,legal_antitrust,investigation,direct_mention,-0.027377,1,0,0,0.3049413989506243,0.49512382756756473,0.05263371234765413,0.023918762427158624,0.052785959253361936,0.03080691687425685,2024-03-22,502,1
H05,NVDA,U.S. export-curb update on AI chips to China,accepted,True,2024-03-29,,2024-03-28,2024-03-29,2024-04-01,2024-04-03,trade_export_control,export_controls,direct_exposure_match,-0.011104,0,0,0,0.4816064740491026,0.5084920694297758,-0.011800675668910188,-0.007629088946476403,0.14212765908201952,0.13071533615348874,2024-03-28,506,0
H49,AMZN,Amazon Web Services lays off several hundred staff,accepted,True,2024-04-03,,2024-04-02,2024-04-03,2024-04-03,2024-04-05,corporate_action,workforce_reduction,direct_mention,0.025691,1,0,0,0.19236805218522451,0.2584598705730015,0.005453206226292195,0.013659934200747292,0.017513236728707415,0.024067003978180845,2024-04-02,508,1
H29,TSLA,Tesla global workforce reduction,accepted,True,2024-04-16,2024-04-16T14:30:12Z,2024-04-15,2024-04-16,2024-04-16,2024-04-18,corporate_action,workforce_reduction,direct_mention,-0.053779,1,1,1,0.49446854383903305,0.4997390777818926,-0.06648167582402797,-0.044829364401498095,-0.012777474494679142,-0.006186361430895682,2024-04-15,517,1
H60,TSLA,Tesla recalls Cybertrucks over faulty accelerator pedal,accepted,True,2024-04-19,,2024-04-18,2024-04-19,2024-04-19,2024-04-23,corporate_action,recall,direct_mention,-0.038937,1,1,0,0.44083683587768957,0.505264380032105,-0.14129445913712158,-0.09198716027137754,-0.14647620659180371,-0.10059661613816617,2024-04-18,520,1
H32,AAPL,Apple iPadOS designated gatekeeper under EU tech rules,accepted,True,2024-04-29,,2024-04-26,2024-04-29,2024-04-29,2024-05-01,government_policy,regulation,direct_mention,0.021995,1,0,0,0.2218154461402478,0.20286167172517727,0.026060624556107914,-0.01337023603519194,-0.012712810415769993,0.0165883528001054,2024-04-26,526,1
H52,META,Turkey fines Meta over data-sharing practices,accepted,True,2024-05-08,,2024-05-07,2024-05-08,2024-05-08,2024-05-10,legal_antitrust,fine,direct_mention,0.013048,0,0,0,0.48032611662006236,0.36613407214683213,0.08849983871094746,0.05145230786471866,-0.09413819284463487,-0.08981916515619437,2024-05-07,533,0
H33,AAPL,Apple charged with breaching EU tech rules,accepted,True,2024-06-24,,2024-06-21,2024-06-24,2024-06-24,2024-06-26,legal_antitrust,charge,direct_mention,0.027365,1,0,0,0.33341387592709315,0.2793046985973884,-0.03150672062606619,-0.03876463186582635,0.08690420181823377,0.03320776838571082,2024-06-21,564,1
H16,MSFT,Microsoft Teams EU antitrust charge,accepted,True,2024-06-25,,2024-06-24,2024-06-25,2024-06-25,2024-06-27,legal_antitrust,charge,direct_mention,-0.00457,0,0,0,0.17864104845037654,0.19054502480225385,0.01152361438668259,0.02243788839006744,0.04840752559188388,0.0036603853787289253,2024-06-24,565,0
H53,META,Meta charged with failing to comply with EU tech rules,accepted,True,2024-07-01,,2024-06-28,2024-07-01,2024-07-01,2024-07-03,legal_antitrust,charge,direct_mention,-0.013516,0,0,0,0.23968443601097933,0.3351229276420157,0.01907919169064276,0.02130753802022689,0.07958465774376777,0.018550446020503042,2024-06-28,569,0
H34,AAPL,India antitrust investigation finds Apple abused position,accepted,True,2024-07-12,,2024-07-11,2024-07-12,2024-07-12,2024-07-16,legal_antitrust,investigation_finding,direct_mention,0.022894,1,0,0,0.2522540633892036,0.2735712008401184,0.027172214802698713,0.025359767516587084,0.09857597890125214,0.04748840951666544,2024-07-11,577,1
H68,MSFT,UK launches formal probe into Microsoft's Inflection AI hiring deal,accepted,True,2024-07-16,,2024-07-15,2024-07-16,2024-07-16,2024-07-18,legal_antitrust,investigation,direct_mention,0.003642,0,0,0,0.17400281894729974,0.19687514333672457,-0.026338364440004036,-0.023945630193475065,0.028035701932307866,-0.012721960062213489,2024-07-15,579,0
H17,MSFT,Global IT outage affecting Microsoft-related services,accepted,True,2024-07-19,2024-07-19T11:11:27Z,2024-07-18,2024-07-19,2024-07-19,2024-07-23,infrastructure_outage,outage,direct_mention,0.007817,0,0,0,0.18003455225115902,0.19486117374099624,-0.03151532154197334,-0.0062271654493945006,-0.013375456534671981,-0.0015867437681652552,2024-07-18,582,0
H54,META,Meta settles Texas facial-recognition lawsuit for $1.4 billion,accepted,True,2024-07-30,,2024-07-29,2024-07-30,2024-07-30,2024-08-01,legal_antitrust,settlement,direct_mention,0.077917,1,1,1,0.4484730915289791,0.3202113083435795,-0.044501441758353466,-0.0063110014945881865,-0.07637541087698485,-0.04462906469320138,2024-07-29,589,1
H18,GOOGL,Google search antitrust ruling,accepted,True,2024-08-05,2024-08-05T22:50:11Z,2024-08-05,2024-08-06,2024-08-06,2024-08-08,legal_antitrust,ruling,direct_mention,-0.011714,0,0,0,0.31211257825030597,0.24043112589554566,-0.060638228356740154,0.0008620931665731524,-0.1575411255970366,-0.032938234864313465,2024-08-05,594,0
H55,META,EU privacy regulator fines Meta over password storage,accepted,True,2024-09-27,,2024-09-26,2024-09-27,2024-09-27,2024-10-01,legal_antitrust,fine,direct_mention,0.031951,1,1,0,0.23045044598957062,0.3528570388745022,0.015632358524737322,0.0029916434173486994,0.09880412296130214,0.06036136305348094,2024-09-26,631,1
H57,NVDA,Nvidia Blackwell design flaw caused low yields and shipment delays,accepted,True,2024-10-23,,2024-10-22,2024-10-23,2024-10-23,2024-10-25,supply_chain,production_constraint,direct_mention,-0.012986,0,0,0,0.37124099458846843,0.6259511373203146,0.09110934405993687,0.08069886165589901,0.1879704895758436,0.16615209032490963,2024-10-22,649,0
H24,META,Meta EU fine over Facebook Marketplace,accepted,True,2024-11-14,,2024-11-13,2024-11-14,2024-11-14,2024-11-18,legal_antitrust,fine,direct_mention,-0.020263,1,0,0,0.27425386581543815,0.23209575165382193,0.013897408227737662,0.0007046126169862887,0.005565322032180076,-0.0379049600535335,2024-11-13,665,1
H19,GOOGL,Google Chrome divestiture remedy proposal,accepted,True,2024-11-20,,2024-11-19,2024-11-20,2024-11-20,2024-11-22,legal_antitrust,remedy_proposal,direct_mention,-0.079634,1,1,1,0.276620862326816,0.23539301603175108,-0.019271005913978123,-0.0008467556863650527,0.07859995019687949,0.06347776266317129,2024-11-19,669,1
H84,NVDA,China opens antitrust investigation into Nvidia,accepted,True,2024-12-09,,2024-12-06,2024-12-09,2024-12-09,2024-12-11,legal_antitrust,investigation,direct_mention,-0.028508,1,0,0,0.3585902784938408,0.3705294269875314,0.030307431764240444,-0.002532821217829939,-0.04325632878958696,-0.06845398232205879,2024-12-06,681,1
H85,NVDA,Nvidia completes acquisition of Run:ai after regulatory reviews,accepted,True,2024-12-30,,2024-12-27,2024-12-30,2024-12-30,2025-01-02,corporate_transaction,acquisition,direct_mention,0.033084,1,1,0,0.33985213917779017,0.3705289660552066,0.04843895152917166,0.0321213621573635,0.012339280435444966,-0.021818665700696016,2024-12-27,695,1
H72,GOOGL,EU charges Google with two Digital Markets Act breaches,accepted,True,2025-03-19,,2025-03-18,2025-03-19,2025-03-19,2025-03-21,legal_antitrust,charge,direct_mention,0.007388,0,0,0,0.29547794735342914,0.3113499905454057,-0.020543740887073003,-0.02677784267536043,-0.1257006343062771,-0.005504874143199778,2025-03-18,748,0
H58,NVDA,U.S. imposes export-license requirement on Nvidia H20 sales to China,accepted,True,2025-04-15,,2025-04-14,2025-04-15,2025-04-15,2025-04-17,trade_export_control,export_controls,direct_mention,-0.054033,1,1,1,0.8875122045199948,0.7905926914727349,0.13385907186117696,0.054107346896661745,-0.07378900514430431,-0.021403855688322815,2025-04-14,767,1
H44,GOOGL,"Google holds illegal monopolies in ad tech, U.S. judge finds",accepted,True,2025-04-17,,2025-04-16,2025-04-17,2025-04-17,2025-04-22,legal_antitrust,ruling,direct_mention,-0.012806,0,0,0,0.5162643085883384,0.4032866445089838,-0.03389833441637946,0.012925715635591972,-0.06443344681140284,0.011904220543769162,2025-04-16,769,0
H61,AAPL,EU fines Apple 500 million euros for Digital Markets Act breach,accepted,True,2025-04-23,,2025-04-22,2025-04-23,2025-04-23,2025-04-25,legal_antitrust,fine,direct_mention,-0.015413,0,0,0,0.8110570906296658,0.5202682586531772,-0.013727032987599253,0.014689509129666045,-0.09509351080803818,-0.000975399832799817,2025-04-22,772,0
H09,GOOGL,Google Cloud global outage,accepted,True,2025-06-12,,2025-06-11,2025-06-12,2025-06-12,2025-06-16,infrastructure_outage,outage,direct_mention,-0.006802,0,0,0,0.26475667136590786,0.40150347965644223,0.055340689573766255,0.04845687718117242,0.1117031747042887,0.07908046011912573,2025-06-11,807,0
H03,AMZN,AWS cloud outage,accepted,True,2025-10-20,,2025-10-17,2025-10-20,2025-10-20,2025-10-22,infrastructure_outage,outage,direct_exposure_match,0.020464,1,0,0,0.26039039026220484,0.304367113377321,-0.015390312456452837,-0.03986867153326579,-0.07966132184964625,-0.08730296242094382,2025-10-17,896,1
