case_id,ticker,event_name,event_type,event_subtype,event_engine_status,relationship_type,ml_eligible,event_date_reported,event_time_utc,effective_event_date,prior_trading_session,t0_session,t3_session,t5_session,stock_return_1d,stock_return_3d,stock_return_5d,qqq_return_1d,qqq_return_3d,qqq_return_5d,qqq_relative_1d,qqq_relative_3d,qqq_relative_5d,material_3d_2pct,material_3d_3pct,material_3d_4pct
H01,NVDA,TSMC Taiwan earthquake,natural_disaster,earthquake,accepted_conservative_no_match,candidate_indirect,False,2024-04-03,2024-04-03T14:44:52Z,2024-04-03,2024-04-02,2024-04-03,2024-04-05,2024-04-09,-0.005456,-0.016143,-0.045812,0.002244,-0.001451,0.002539,-0.0077,-0.014692,-0.048351,0,0,0
H01,AAPL,TSMC Taiwan earthquake,natural_disaster,earthquake,accepted_conservative_no_match,candidate_indirect,False,2024-04-03,2024-04-03T14:44:52Z,2024-04-03,2024-04-02,2024-04-03,2024-04-05,2024-04-09,0.004797,0.004383,0.004916,0.002244,-0.001451,0.002539,0.002553,0.005834,0.002377,0,0,0
H02,NVDA,U.S. AI-chip export controls,trade_export_control,export_controls,accepted,direct_exposure_match,True,2023-10-17,2023-10-17T23:49:00Z,2023-10-18,2023-10-17,2023-10-18,2023-10-20,2023-10-24,-0.039647,-0.058059,-0.006259,-0.013118,-0.036936,-0.024633,-0.026529,-0.021123,0.018375,1,0,0
H03,AMZN,AWS cloud outage,infrastructure_outage,outage,accepted,direct_exposure_match,True,2025-10-20,,2025-10-20,2025-10-17,2025-10-20,2025-10-22,2025-10-24,0.016147,0.023047,0.052432,0.012601,0.002583,0.021807,0.003546,0.020464,0.030624,1,0,0
H04,TSLA,Tesla Shanghai production cut,supply_chain,production_interruption,accepted,direct_exposure_match,True,2024-03-25,,2024-03-25,2024-03-22,2024-03-25,2024-03-27,2024-04-01,0.010537,0.052684,0.025698,-0.003629,-0.003472,-0.003204,0.014166,0.056156,0.028902,1,1,1
H05,NVDA,U.S. export-curb update on AI chips to China,trade_export_control,export_controls,accepted,direct_exposure_match,True,2024-03-29,,2024-03-29,2024-03-28,2024-04-01,2024-04-03,2024-04-05,7.7e-05,-0.015406,-0.025986,0.002117,-0.004302,-0.007973,-0.00204,-0.011104,-0.018013,0,0,0
H06,NVDA,U.S. licensing restrictions affecting AI-chip exports,trade_export_control,export_controls,accepted_no_qualified_exposure_edge,direct_mention,False,2023-08-30,,2023-08-30,2023-08-29,2023-08-30,2023-09-01,2023-09-06,0.009839,-0.005637,-0.035319,0.005577,0.007525,-8e-05,0.004263,-0.013162,-0.035239,0,0,0
H07,NVDA,TSMC CoWoS structural capacity bottleneck / expansion,boundary,structural_capacity,rejected_boundary,candidate_indirect,False,2024-03-17,,2024-03-17,2024-03-15,2024-03-18,2024-03-20,2024-03-22,0.007036,0.02886,0.073454,0.008204,0.0227,0.028715,-0.001168,0.00616,0.044739,0,0,0
H08,MSFT,Microsoft Azure global outage,infrastructure_outage,outage,accepted,direct_mention,True,2023-01-25,2023-01-25T16:41:02Z,2023-01-25,2023-01-24,2023-01-25,2023-01-27,2023-01-31,-0.005908,0.025285,0.023839,-0.002219,0.027361,0.021674,-0.003689,-0.002076,0.002166,0,0,0
H09,GOOGL,Google Cloud global outage,infrastructure_outage,outage,accepted,direct_mention,True,2025-06-12,,2025-06-12,2025-06-11,2025-06-12,2025-06-16,2025-06-18,-0.009304,-0.00327,-0.022723,0.002348,0.003531,-0.006424,-0.011652,-0.006802,-0.0163,0,0,0
H10,TSLA,Tesla Berlin power outage,infrastructure_outage,outage,accepted,direct_mention,True,2024-03-05,2024-03-05T16:45:37Z,2024-03-05,2024-03-04,2024-03-05,2024-03-07,2024-03-11,-0.039332,-0.050441,-0.055119,-0.01795,0.003221,-0.014932,-0.021383,-0.053662,-0.040187,1,1,1
H11,META,Facebook / Instagram global outage,infrastructure_outage,outage,accepted,direct_mention,True,2024-03-05,,2024-03-05,2024-03-04,2024-03-05,2024-03-07,2024-03-11,-0.015998,0.028102,-0.029306,-0.01795,0.003221,-0.014932,0.001952,0.024881,-0.014374,1,0,0
H12,TSLA,Tesla 4680 battery production bottleneck,boundary,structural_manufacturing_constraint,rejected_boundary,direct_mention,False,2023-12-21,,2023-12-21,2023-12-20,2023-12-21,2023-12-26,2023-12-28,0.029781,0.038318,0.02444,0.011635,0.019351,0.020393,0.018145,0.018967,0.004047,0,0,0
H13,AAPL,Apple EU antitrust fine in Spotify case,legal_antitrust,fine,accepted,direct_mention,True,2024-03-04,2024-03-04T18:30:09Z,2024-03-04,2024-03-01,2024-03-04,2024-03-06,2024-03-08,-0.025381,-0.058666,-0.049705,-0.003568,-0.015305,-0.014789,-0.021813,-0.043362,-0.034916,1,1,1
H14,AAPL,Apple U.S. antitrust lawsuit,legal_antitrust,lawsuit,accepted,direct_mention,True,2024-03-21,2024-03-21T22:07:47Z,2024-03-22,2024-03-21,2024-03-22,2024-03-26,2024-03-28,0.00531,-0.009687,0.000642,0.001144,-0.005719,-0.004172,0.004166,-0.003967,0.004813,0,0,0
H15,AAPL,China widening iPhone government-use curbs,government_policy,regulation,accepted,direct_mention,True,2023-09-07,,2023-09-07,2023-09-06,2023-09-07,2023-09-11,2023-09-13,-0.029249,-0.019408,-0.047564,-0.007152,0.005951,-0.001414,-0.022098,-0.025359,-0.04615,1,0,0
H16,MSFT,Microsoft Teams EU antitrust charge,legal_antitrust,charge,accepted,direct_mention,True,2024-06-25,,2024-06-25,2024-06-24,2024-06-25,2024-06-27,2024-07-01,0.007327,0.011571,0.020238,0.011436,0.016141,0.016795,-0.004109,-0.00457,0.003443,0,0,0
H17,MSFT,Global IT outage affecting Microsoft-related services,infrastructure_outage,outage,accepted,direct_mention,True,2024-07-19,2024-07-19T11:11:27Z,2024-07-19,2024-07-18,2024-07-19,2024-07-23,2024-07-25,-0.007403,0.010173,-0.04989,-0.008864,0.002357,-0.044255,0.001461,0.007817,-0.005635,0,0,0
H18,GOOGL,Google search antitrust ruling,legal_antitrust,ruling,accepted,direct_mention,True,2024-08-05,2024-08-05T22:50:11Z,2024-08-06,2024-08-05,2024-08-06,2024-08-08,2024-08-12,-0.006028,0.017457,0.019089,0.009555,0.029171,0.036773,-0.015583,-0.011714,-0.017684,0,0,0
H19,GOOGL,Google Chrome divestiture remedy proposal,legal_antitrust,remedy_proposal,accepted,direct_mention,True,2024-11-20,,2024-11-20,2024-11-19,2024-11-20,2024-11-22,2024-11-26,-0.012014,-0.075006,-0.050528,-0.000576,0.004628,0.01162,-0.011438,-0.079634,-0.062147,1,1,1
H20,AMZN,FTC antitrust complaint against Amazon,legal_antitrust,complaint,accepted,direct_mention,True,2023-09-26,,2023-09-26,2023-09-25,2023-09-26,2023-09-28,2023-10-02,-0.040299,-0.040299,-0.013788,-0.015016,-0.004449,0.004588,-0.025282,-0.035849,-0.018377,1,1,0
H21,AMZN,Amazon and iRobot terminate acquisition,corporate_transaction,acquisition_terminated,accepted,direct_mention,True,2024-01-29,,2024-01-29,2024-01-26,2024-01-29,2024-01-31,2024-02-02,0.013449,-0.024635,0.079751,0.01024,-0.016139,0.01227,0.003209,-0.008496,0.067481,0,0,0
H22,META,Meta EU privacy fine over data transfers,legal_antitrust,fine,accepted,direct_mention,True,2023-05-22,,2023-05-22,2023-05-19,2023-05-22,2023-05-24,2023-05-26,0.01091,0.014533,0.066764,0.003358,-0.014442,0.035333,0.007552,0.028976,0.031431,1,0,0
H23,META,Meta UK Marketplace proposal amendments,boundary,regulatory_proposal_amendment,rejected_boundary,direct_mention,False,2024-05-24,2024-05-24T21:37:34Z,2024-05-25,2024-05-24,2024-05-28,2024-05-30,2024-06-03,0.003555,-0.023357,-0.001527,0.003778,-0.013975,-0.010525,-0.000223,-0.009382,0.008999,0,0,0
H24,META,Meta EU fine over Facebook Marketplace,legal_antitrust,fine,accepted,direct_mention,True,2024-11-14,,2024-11-14,2024-11-13,2024-11-14,2024-11-18,2024-11-20,-0.004897,-0.044138,-0.024965,-0.00695,-0.023875,-0.017726,0.002053,-0.020263,-0.00724,1,0,0
H25,NVDA,Nvidia preparing China Blackwell variant,boundary,product_strategy,rejected_boundary,direct_mention,False,2024-07-22,2024-07-22T11:04:46Z,2024-07-22,2024-07-19,2024-07-22,2024-07-24,2024-07-26,0.047571,-0.031205,-0.041296,0.014898,-0.024956,-0.025819,0.032673,-0.006249,-0.015477,0,0,0
H26,NVDA,Nvidia Blackwell structural supply constraints,boundary,structural_supply_constraint,rejected_boundary,direct_mention,False,2024-11-21,,2024-11-21,2024-11-20,2024-11-21,2024-11-25,2024-11-27,0.005346,-0.067654,-0.072315,0.003597,0.006797,0.004233,0.001749,-0.074451,-0.076548,1,1,1
H27,TSLA,Tesla Autopilot recall,corporate_action,recall,accepted,direct_mention,True,2023-12-13,,2023-12-13,2023-12-12,2023-12-13,2023-12-15,2023-12-19,0.00962,0.069575,0.085271,0.012717,0.016731,0.026312,-0.003097,0.052845,0.058958,1,1,1
H28,TSLA,Tesla Berlin production suspension from Red Sea disruption,supply_chain,production_interruption,accepted,direct_mention,True,2024-01-11,,2024-01-11,2024-01-10,2024-01-11,2024-01-16,2024-01-18,-0.028725,-0.059973,-0.094298,0.002081,0.002497,0.010991,-0.030806,-0.06247,-0.105289,1,1,1
H29,TSLA,Tesla global workforce reduction,corporate_action,workforce_reduction,accepted,direct_mention,True,2024-04-16,2024-04-16T14:30:12Z,2024-04-16,2024-04-15,2024-04-16,2024-04-18,2024-04-22,-0.027062,-0.071526,-0.120324,9.3e-05,-0.017747,-0.028395,-0.027155,-0.053779,-0.091929,1,1,1
H30,MSFT,Microsoft Mistral AI deal faces formal EU scrutiny,legal_antitrust,regulatory_scrutiny,accepted,direct_mention,True,2024-02-27,2024-02-27T10:28:57Z,2024-02-27,2024-02-26,2024-02-27,2024-02-29,2024-03-04,-0.000147,0.014968,0.018109,0.002405,0.005612,0.017111,-0.002552,0.009356,0.000997,0,0,0
