case_id,ticker,event_name,relationship,event_date_reported,event_time_utc,effective_event_date,prior_trading_session,t0_session,t3_session,t5_session,stock_return_1d,stock_return_3d,stock_return_5d,qqq_return_1d,qqq_return_3d,qqq_return_5d,qqq_relative_1d,qqq_relative_3d,qqq_relative_5d
H01,NVDA,TSMC Taiwan earthquake,candidate_indirect,2024-04-03,2024-04-03T14:44:52Z,2024-04-03,2024-04-02,2024-04-03,2024-04-05,2024-04-09,-0.005456,-0.016143,-0.045812,0.002244,-0.001451,0.002539,-0.0077,-0.014692,-0.048351
H01,AAPL,TSMC Taiwan earthquake,candidate_indirect,2024-04-03,2024-04-03T14:44:52Z,2024-04-03,2024-04-02,2024-04-03,2024-04-05,2024-04-09,0.004797,0.004383,0.004916,0.002244,-0.001451,0.002539,0.002553,0.005834,0.002377
H02,NVDA,U.S. AI-chip export controls,direct,2023-10-17,2023-10-17T23:49:00Z,2023-10-18,2023-10-17,2023-10-18,2023-10-20,2023-10-24,-0.039647,-0.058059,-0.006259,-0.013118,-0.036936,-0.024633,-0.026529,-0.021123,0.018375
H03,AMZN,AWS cloud outage,direct,2025-10-20,,2025-10-20,2025-10-17,2025-10-20,2025-10-22,2025-10-24,0.016147,0.023047,0.052432,0.012601,0.002583,0.021807,0.003546,0.020464,0.030624
H04,TSLA,Tesla Shanghai production cut,direct,2024-03-25,,2024-03-25,2024-03-22,2024-03-25,2024-03-27,2024-04-01,0.010537,0.052684,0.025698,-0.003629,-0.003472,-0.003204,0.014166,0.056156,0.028902
H05,NVDA,U.S. export-curb update on AI chips to China,direct,2024-03-29,,2024-03-29,2024-03-28,2024-04-01,2024-04-03,2024-04-05,7.7e-05,-0.015406,-0.025986,0.002117,-0.004302,-0.007973,-0.00204,-0.011104,-0.018013
H06,NVDA,U.S. licensing restrictions affecting AI-chip exports,direct,2023-08-30,,2023-08-30,2023-08-29,2023-08-30,2023-09-01,2023-09-06,0.009839,-0.005637,-0.035319,0.005577,0.007525,-8e-05,0.004263,-0.013162,-0.035239
H07,NVDA,TSMC CoWoS capacity bottleneck / expansion,candidate_indirect,2024-03-17,,2024-03-17,2024-03-15,2024-03-18,2024-03-20,2024-03-22,0.007036,0.02886,0.073454,0.008204,0.0227,0.028715,-0.001168,0.00616,0.044739
H08,MSFT,Microsoft Azure global outage,direct,2023-01-25,2023-01-25T16:41:02Z,2023-01-25,2023-01-24,2023-01-25,2023-01-27,2023-01-31,-0.005908,0.025285,0.023839,-0.002219,0.027361,0.021674,-0.003689,-0.002076,0.002166
H09,GOOGL,Google Cloud global outage,direct,2025-06-12,,2025-06-12,2025-06-11,2025-06-12,2025-06-16,2025-06-18,-0.009304,-0.00327,-0.022723,0.002348,0.003531,-0.006424,-0.011652,-0.006802,-0.0163
H10,TSLA,Tesla Berlin power outage,direct,2024-03-05,2024-03-05T16:45:37Z,2024-03-05,2024-03-04,2024-03-05,2024-03-07,2024-03-11,-0.039332,-0.050441,-0.055119,-0.01795,0.003221,-0.014932,-0.021383,-0.053662,-0.040187
H11,META,Facebook / Instagram global outage,direct,2024-03-05,,2024-03-05,2024-03-04,2024-03-05,2024-03-07,2024-03-11,-0.015998,0.028102,-0.029306,-0.01795,0.003221,-0.014932,0.001952,0.024881,-0.014374
H12,TSLA,Tesla 4680 battery production bottleneck,direct,2023-12-21,,2023-12-21,2023-12-20,2023-12-21,2023-12-26,2023-12-28,0.029781,0.038318,0.02444,0.011635,0.019351,0.020393,0.018145,0.018967,0.004047
